path,emotion
../data\Actor_01\03-01-01-01-01-01-01.wav,neutral
../data\Actor_01\03-01-01-01-01-02-01.wav,neutral
../data\Actor_01\03-01-01-01-02-01-01.wav,neutral
../data\Actor_01\03-01-01-01-02-02-01.wav,neutral
../data\Actor_01\03-01-02-01-01-01-01.wav,calm
../data\Actor_01\03-01-02-01-01-02-01.wav,calm
../data\Actor_01\03-01-02-01-02-01-01.wav,calm
../data\Actor_01\03-01-02-01-02-02-01.wav,calm
../data\Actor_01\03-01-02-02-01-01-01.wav,calm
../data\Actor_01\03-01-02-02-01-02-01.wav,calm
../data\Actor_01\03-01-02-02-02-01-01.wav,calm
../data\Actor_01\03-01-02-02-02-02-01.wav,calm
../data\Actor_01\03-01-03-01-01-01-01.wav,happy
../data\Actor_01\03-01-03-01-01-02-01.wav,happy
../data\Actor_01\03-01-03-01-02-01-01.wav,happy
../data\Actor_01\03-01-03-01-02-02-01.wav,happy
../data\Actor_01\03-01-03-02-01-01-01.wav,happy
../data\Actor_01\03-01-03-02-01-02-01.wav,happy
../data\Actor_01\03-01-03-02-02-01-01.wav,happy
../data\Actor_01\03-01-03-02-02-02-01.wav,happy
../data\Actor_01\03-01-04-01-01-01-01.wav,sad
../data\Actor_01\03-01-04-01-01-02-01.wav,sad
../data\Actor_01\03-01-04-01-02-01-01.wav,sad
../data\Actor_01\03-01-04-01-02-02-01.wav,sad
../data\Actor_01\03-01-04-02-01-01-01.wav,sad
../data\Actor_01\03-01-04-02-01-02-01.wav,sad
../data\Actor_01\03-01-04-02-02-01-01.wav,sad
../data\Actor_01\03-01-04-02-02-02-01.wav,sad
../data\Actor_01\03-01-05-01-01-01-01.wav,angry
../data\Actor_01\03-01-05-01-01-02-01.wav,angry
../data\Actor_01\03-01-05-01-02-01-01.wav,angry
../data\Actor_01\03-01-05-01-02-02-01.wav,angry
../data\Actor_01\03-01-05-02-01-01-01.wav,angry
../data\Actor_01\03-01-05-02-01-02-01.wav,angry
../data\Actor_01\03-01-05-02-02-01-01.wav,angry
../data\Actor_01\03-01-05-02-02-02-01.wav,angry
../data\Actor_01\03-01-06-01-01-01-01.wav,fearful
../data\Actor_01\03-01-06-01-01-02-01.wav,fearful
../data\Actor_01\03-01-06-01-02-01-01.wav,fearful
../data\Actor_01\03-01-06-01-02-02-01.wav,fearful
../data\Actor_01\03-01-06-02-01-01-01.wav,fearful
../data\Actor_01\03-01-06-02-01-02-01.wav,fearful
../data\Actor_01\03-01-06-02-02-01-01.wav,fearful
../data\Actor_01\03-01-06-02-02-02-01.wav,fearful
../data\Actor_01\03-01-07-01-01-01-01.wav,disgust
../data\Actor_01\03-01-07-01-01-02-01.wav,disgust
../data\Actor_01\03-01-07-01-02-01-01.wav,disgust
../data\Actor_01\03-01-07-01-02-02-01.wav,disgust
../data\Actor_01\03-01-07-02-01-01-01.wav,disgust
../data\Actor_01\03-01-07-02-01-02-01.wav,disgust
../data\Actor_01\03-01-07-02-02-01-01.wav,disgust
../data\Actor_01\03-01-07-02-02-02-01.wav,disgust
../data\Actor_01\03-01-08-01-01-01-01.wav,surprised
../data\Actor_01\03-01-08-01-01-02-01.wav,surprised
../data\Actor_01\03-01-08-01-02-01-01.wav,surprised
../data\Actor_01\03-01-08-01-02-02-01.wav,surprised
../data\Actor_01\03-01-08-02-01-01-01.wav,surprised
../data\Actor_01\03-01-08-02-01-02-01.wav,surprised
../data\Actor_01\03-01-08-02-02-01-01.wav,surprised
../data\Actor_01\03-01-08-02-02-02-01.wav,surprised
../data\Actor_02\03-01-01-01-01-01-02.wav,neutral
../data\Actor_02\03-01-01-01-01-02-02.wav,neutral
../data\Actor_02\03-01-01-01-02-01-02.wav,neutral
../data\Actor_02\03-01-01-01-02-02-02.wav,neutral
../data\Actor_02\03-01-02-01-01-01-02.wav,calm
../data\Actor_02\03-01-02-01-01-02-02.wav,calm
../data\Actor_02\03-01-02-01-02-01-02.wav,calm
../data\Actor_02\03-01-02-01-02-02-02.wav,calm
../data\Actor_02\03-01-02-02-01-01-02.wav,calm
../data\Actor_02\03-01-02-02-01-02-02.wav,calm
../data\Actor_02\03-01-02-02-02-01-02.wav,calm
../data\Actor_02\03-01-02-02-02-02-02.wav,calm
../data\Actor_02\03-01-03-01-01-01-02.wav,happy
../data\Actor_02\03-01-03-01-01-02-02.wav,happy
../data\Actor_02\03-01-03-01-02-01-02.wav,happy
../data\Actor_02\03-01-03-01-02-02-02.wav,happy
../data\Actor_02\03-01-03-02-01-01-02.wav,happy
../data\Actor_02\03-01-03-02-01-02-02.wav,happy
../data\Actor_02\03-01-03-02-02-01-02.wav,happy
../data\Actor_02\03-01-03-02-02-02-02.wav,happy
../data\Actor_02\03-01-04-01-01-01-02.wav,sad
../data\Actor_02\03-01-04-01-01-02-02.wav,sad
../data\Actor_02\03-01-04-01-02-01-02.wav,sad
../data\Actor_02\03-01-04-01-02-02-02.wav,sad
../data\Actor_02\03-01-04-02-01-01-02.wav,sad
../data\Actor_02\03-01-04-02-01-02-02.wav,sad
../data\Actor_02\03-01-04-02-02-01-02.wav,sad
../data\Actor_02\03-01-04-02-02-02-02.wav,sad
../data\Actor_02\03-01-05-01-01-01-02.wav,angry
../data\Actor_02\03-01-05-01-01-02-02.wav,angry
../data\Actor_02\03-01-05-01-02-01-02.wav,angry
../data\Actor_02\03-01-05-01-02-02-02.wav,angry
../data\Actor_02\03-01-05-02-01-01-02.wav,angry
../data\Actor_02\03-01-05-02-01-02-02.wav,angry
../data\Actor_02\03-01-05-02-02-01-02.wav,angry
../data\Actor_02\03-01-05-02-02-02-02.wav,angry
../data\Actor_02\03-01-06-01-01-01-02.wav,fearful
../data\Actor_02\03-01-06-01-01-02-02.wav,fearful
../data\Actor_02\03-01-06-01-02-01-02.wav,fearful
../data\Actor_02\03-01-06-01-02-02-02.wav,fearful
../data\Actor_02\03-01-06-02-01-01-02.wav,fearful
../data\Actor_02\03-01-06-02-01-02-02.wav,fearful
../data\Actor_02\03-01-06-02-02-01-02.wav,fearful
../data\Actor_02\03-01-06-02-02-02-02.wav,fearful
../data\Actor_02\03-01-07-01-01-01-02.wav,disgust
../data\Actor_02\03-01-07-01-01-02-02.wav,disgust
../data\Actor_02\03-01-07-01-02-01-02.wav,disgust
../data\Actor_02\03-01-07-01-02-02-02.wav,disgust
../data\Actor_02\03-01-07-02-01-01-02.wav,disgust
../data\Actor_02\03-01-07-02-01-02-02.wav,disgust
../data\Actor_02\03-01-07-02-02-01-02.wav,disgust
../data\Actor_02\03-01-07-02-02-02-02.wav,disgust
../data\Actor_02\03-01-08-01-01-01-02.wav,surprised
../data\Actor_02\03-01-08-01-01-02-02.wav,surprised
../data\Actor_02\03-01-08-01-02-01-02.wav,surprised
../data\Actor_02\03-01-08-01-02-02-02.wav,surprised
../data\Actor_02\03-01-08-02-01-01-02.wav,surprised
../data\Actor_02\03-01-08-02-01-02-02.wav,surprised
../data\Actor_02\03-01-08-02-02-01-02.wav,surprised
../data\Actor_02\03-01-08-02-02-02-02.wav,surprised
../data\Actor_03\03-01-01-01-01-01-03.wav,neutral
../data\Actor_03\03-01-01-01-01-02-03.wav,neutral
../data\Actor_03\03-01-01-01-02-01-03.wav,neutral
../data\Actor_03\03-01-01-01-02-02-03.wav,neutral
../data\Actor_03\03-01-02-01-01-01-03.wav,calm
../data\Actor_03\03-01-02-01-01-02-03.wav,calm
../data\Actor_03\03-01-02-01-02-01-03.wav,calm
../data\Actor_03\03-01-02-01-02-02-03.wav,calm
../data\Actor_03\03-01-02-02-01-01-03.wav,calm
../data\Actor_03\03-01-02-02-01-02-03.wav,calm
../data\Actor_03\03-01-02-02-02-01-03.wav,calm
../data\Actor_03\03-01-02-02-02-02-03.wav,calm
../data\Actor_03\03-01-03-01-01-01-03.wav,happy
../data\Actor_03\03-01-03-01-01-02-03.wav,happy
../data\Actor_03\03-01-03-01-02-01-03.wav,happy
../data\Actor_03\03-01-03-01-02-02-03.wav,happy
../data\Actor_03\03-01-03-02-01-01-03.wav,happy
../data\Actor_03\03-01-03-02-01-02-03.wav,happy
../data\Actor_03\03-01-03-02-02-01-03.wav,happy
../data\Actor_03\03-01-03-02-02-02-03.wav,happy
../data\Actor_03\03-01-04-01-01-01-03.wav,sad
../data\Actor_03\03-01-04-01-01-02-03.wav,sad
../data\Actor_03\03-01-04-01-02-01-03.wav,sad
../data\Actor_03\03-01-04-01-02-02-03.wav,sad
../data\Actor_03\03-01-04-02-01-01-03.wav,sad
../data\Actor_03\03-01-04-02-01-02-03.wav,sad
../data\Actor_03\03-01-04-02-02-01-03.wav,sad
../data\Actor_03\03-01-04-02-02-02-03.wav,sad
../data\Actor_03\03-01-05-01-01-01-03.wav,angry
../data\Actor_03\03-01-05-01-01-02-03.wav,angry
../data\Actor_03\03-01-05-01-02-01-03.wav,angry
../data\Actor_03\03-01-05-01-02-02-03.wav,angry
../data\Actor_03\03-01-05-02-01-01-03.wav,angry
../data\Actor_03\03-01-05-02-01-02-03.wav,angry
../data\Actor_03\03-01-05-02-02-01-03.wav,angry
../data\Actor_03\03-01-05-02-02-02-03.wav,angry
../data\Actor_03\03-01-06-01-01-01-03.wav,fearful
../data\Actor_03\03-01-06-01-01-02-03.wav,fearful
../data\Actor_03\03-01-06-01-02-01-03.wav,fearful
../data\Actor_03\03-01-06-01-02-02-03.wav,fearful
../data\Actor_03\03-01-06-02-01-01-03.wav,fearful
../data\Actor_03\03-01-06-02-01-02-03.wav,fearful
../data\Actor_03\03-01-06-02-02-01-03.wav,fearful
../data\Actor_03\03-01-06-02-02-02-03.wav,fearful
../data\Actor_03\03-01-07-01-01-01-03.wav,disgust
../data\Actor_03\03-01-07-01-01-02-03.wav,disgust
../data\Actor_03\03-01-07-01-02-01-03.wav,disgust
../data\Actor_03\03-01-07-01-02-02-03.wav,disgust
../data\Actor_03\03-01-07-02-01-01-03.wav,disgust
../data\Actor_03\03-01-07-02-01-02-03.wav,disgust
../data\Actor_03\03-01-07-02-02-01-03.wav,disgust
../data\Actor_03\03-01-07-02-02-02-03.wav,disgust
../data\Actor_03\03-01-08-01-01-01-03.wav,surprised
../data\Actor_03\03-01-08-01-01-02-03.wav,surprised
../data\Actor_03\03-01-08-01-02-01-03.wav,surprised
../data\Actor_03\03-01-08-01-02-02-03.wav,surprised
../data\Actor_03\03-01-08-02-01-01-03.wav,surprised
../data\Actor_03\03-01-08-02-01-02-03.wav,surprised
../data\Actor_03\03-01-08-02-02-01-03.wav,surprised
../data\Actor_03\03-01-08-02-02-02-03.wav,surprised
../data\Actor_04\03-01-01-01-01-01-04.wav,neutral
../data\Actor_04\03-01-01-01-01-02-04.wav,neutral
../data\Actor_04\03-01-01-01-02-01-04.wav,neutral
../data\Actor_04\03-01-01-01-02-02-04.wav,neutral
../data\Actor_04\03-01-02-01-01-01-04.wav,calm
../data\Actor_04\03-01-02-01-01-02-04.wav,calm
../data\Actor_04\03-01-02-01-02-01-04.wav,calm
../data\Actor_04\03-01-02-01-02-02-04.wav,calm
../data\Actor_04\03-01-02-02-01-01-04.wav,calm
../data\Actor_04\03-01-02-02-01-02-04.wav,calm
../data\Actor_04\03-01-02-02-02-01-04.wav,calm
../data\Actor_04\03-01-02-02-02-02-04.wav,calm
../data\Actor_04\03-01-03-01-01-01-04.wav,happy
../data\Actor_04\03-01-03-01-01-02-04.wav,happy
../data\Actor_04\03-01-03-01-02-01-04.wav,happy
../data\Actor_04\03-01-03-01-02-02-04.wav,happy
../data\Actor_04\03-01-03-02-01-01-04.wav,happy
../data\Actor_04\03-01-03-02-01-02-04.wav,happy
../data\Actor_04\03-01-03-02-02-01-04.wav,happy
../data\Actor_04\03-01-03-02-02-02-04.wav,happy
../data\Actor_04\03-01-04-01-01-01-04.wav,sad
../data\Actor_04\03-01-04-01-01-02-04.wav,sad
../data\Actor_04\03-01-04-01-02-01-04.wav,sad
../data\Actor_04\03-01-04-01-02-02-04.wav,sad
../data\Actor_04\03-01-04-02-01-01-04.wav,sad
../data\Actor_04\03-01-04-02-01-02-04.wav,sad
../data\Actor_04\03-01-04-02-02-01-04.wav,sad
../data\Actor_04\03-01-04-02-02-02-04.wav,sad
../data\Actor_04\03-01-05-01-01-01-04.wav,angry
../data\Actor_04\03-01-05-01-01-02-04.wav,angry
../data\Actor_04\03-01-05-01-02-01-04.wav,angry
../data\Actor_04\03-01-05-01-02-02-04.wav,angry
../data\Actor_04\03-01-05-02-01-01-04.wav,angry
../data\Actor_04\03-01-05-02-01-02-04.wav,angry
../data\Actor_04\03-01-05-02-02-01-04.wav,angry
../data\Actor_04\03-01-05-02-02-02-04.wav,angry
../data\Actor_04\03-01-06-01-01-01-04.wav,fearful
../data\Actor_04\03-01-06-01-01-02-04.wav,fearful
../data\Actor_04\03-01-06-01-02-01-04.wav,fearful
../data\Actor_04\03-01-06-01-02-02-04.wav,fearful
../data\Actor_04\03-01-06-02-01-01-04.wav,fearful
../data\Actor_04\03-01-06-02-01-02-04.wav,fearful
../data\Actor_04\03-01-06-02-02-01-04.wav,fearful
../data\Actor_04\03-01-06-02-02-02-04.wav,fearful
../data\Actor_04\03-01-07-01-01-01-04.wav,disgust
../data\Actor_04\03-01-07-01-01-02-04.wav,disgust
../data\Actor_04\03-01-07-01-02-01-04.wav,disgust
../data\Actor_04\03-01-07-01-02-02-04.wav,disgust
../data\Actor_04\03-01-07-02-01-01-04.wav,disgust
../data\Actor_04\03-01-07-02-01-02-04.wav,disgust
../data\Actor_04\03-01-07-02-02-01-04.wav,disgust
../data\Actor_04\03-01-07-02-02-02-04.wav,disgust
../data\Actor_04\03-01-08-01-01-01-04.wav,surprised
../data\Actor_04\03-01-08-01-01-02-04.wav,surprised
../data\Actor_04\03-01-08-01-02-01-04.wav,surprised
../data\Actor_04\03-01-08-01-02-02-04.wav,surprised
../data\Actor_04\03-01-08-02-01-01-04.wav,surprised
../data\Actor_04\03-01-08-02-01-02-04.wav,surprised
../data\Actor_04\03-01-08-02-02-01-04.wav,surprised
../data\Actor_04\03-01-08-02-02-02-04.wav,surprised
../data\Actor_05\03-01-01-01-01-01-05.wav,neutral
../data\Actor_05\03-01-01-01-01-02-05.wav,neutral
../data\Actor_05\03-01-01-01-02-01-05.wav,neutral
../data\Actor_05\03-01-01-01-02-02-05.wav,neutral
../data\Actor_05\03-01-02-01-01-01-05.wav,calm
../data\Actor_05\03-01-02-01-01-02-05.wav,calm
../data\Actor_05\03-01-02-01-02-01-05.wav,calm
../data\Actor_05\03-01-02-01-02-02-05.wav,calm
../data\Actor_05\03-01-02-02-01-01-05.wav,calm
../data\Actor_05\03-01-02-02-01-02-05.wav,calm
../data\Actor_05\03-01-02-02-02-01-05.wav,calm
../data\Actor_05\03-01-02-02-02-02-05.wav,calm
../data\Actor_05\03-01-03-01-01-01-05.wav,happy
../data\Actor_05\03-01-03-01-01-02-05.wav,happy
../data\Actor_05\03-01-03-01-02-01-05.wav,happy
../data\Actor_05\03-01-03-01-02-02-05.wav,happy
../data\Actor_05\03-01-03-02-01-01-05.wav,happy
../data\Actor_05\03-01-03-02-01-02-05.wav,happy
../data\Actor_05\03-01-03-02-02-01-05.wav,happy
../data\Actor_05\03-01-03-02-02-02-05.wav,happy
../data\Actor_05\03-01-04-01-01-01-05.wav,sad
../data\Actor_05\03-01-04-01-01-02-05.wav,sad
../data\Actor_05\03-01-04-01-02-01-05.wav,sad
../data\Actor_05\03-01-04-01-02-02-05.wav,sad
../data\Actor_05\03-01-04-02-01-01-05.wav,sad
../data\Actor_05\03-01-04-02-01-02-05.wav,sad
../data\Actor_05\03-01-04-02-02-01-05.wav,sad
../data\Actor_05\03-01-04-02-02-02-05.wav,sad
../data\Actor_05\03-01-05-01-01-01-05.wav,angry
../data\Actor_05\03-01-05-01-01-02-05.wav,angry
../data\Actor_05\03-01-05-01-02-01-05.wav,angry
../data\Actor_05\03-01-05-01-02-02-05.wav,angry
../data\Actor_05\03-01-05-02-01-01-05.wav,angry
../data\Actor_05\03-01-05-02-01-02-05.wav,angry
../data\Actor_05\03-01-05-02-02-01-05.wav,angry
../data\Actor_05\03-01-05-02-02-02-05.wav,angry
../data\Actor_05\03-01-06-01-01-01-05.wav,fearful
../data\Actor_05\03-01-06-01-01-02-05.wav,fearful
../data\Actor_05\03-01-06-01-02-01-05.wav,fearful
../data\Actor_05\03-01-06-01-02-02-05.wav,fearful
../data\Actor_05\03-01-06-02-01-01-05.wav,fearful
../data\Actor_05\03-01-06-02-01-02-05.wav,fearful
../data\Actor_05\03-01-06-02-02-01-05.wav,fearful
../data\Actor_05\03-01-06-02-02-02-05.wav,fearful
../data\Actor_05\03-01-07-01-01-01-05.wav,disgust
../data\Actor_05\03-01-07-01-01-02-05.wav,disgust
../data\Actor_05\03-01-07-01-02-01-05.wav,disgust
../data\Actor_05\03-01-07-01-02-02-05.wav,disgust
../data\Actor_05\03-01-07-02-01-01-05.wav,disgust
../data\Actor_05\03-01-07-02-01-02-05.wav,disgust
../data\Actor_05\03-01-07-02-02-01-05.wav,disgust
../data\Actor_05\03-01-07-02-02-02-05.wav,disgust
../data\Actor_05\03-01-08-01-01-01-05.wav,surprised
../data\Actor_05\03-01-08-01-01-02-05.wav,surprised
../data\Actor_05\03-01-08-01-02-01-05.wav,surprised
../data\Actor_05\03-01-08-01-02-02-05.wav,surprised
../data\Actor_05\03-01-08-02-01-01-05.wav,surprised
../data\Actor_05\03-01-08-02-01-02-05.wav,surprised
../data\Actor_05\03-01-08-02-02-01-05.wav,surprised
../data\Actor_05\03-01-08-02-02-02-05.wav,surprised
../data\Actor_06\03-01-01-01-01-01-06.wav,neutral
../data\Actor_06\03-01-01-01-01-02-06.wav,neutral
../data\Actor_06\03-01-01-01-02-01-06.wav,neutral
../data\Actor_06\03-01-01-01-02-02-06.wav,neutral
../data\Actor_06\03-01-02-01-01-01-06.wav,calm
../data\Actor_06\03-01-02-01-01-02-06.wav,calm
../data\Actor_06\03-01-02-01-02-01-06.wav,calm
../data\Actor_06\03-01-02-01-02-02-06.wav,calm
../data\Actor_06\03-01-02-02-01-01-06.wav,calm
../data\Actor_06\03-01-02-02-01-02-06.wav,calm
../data\Actor_06\03-01-02-02-02-01-06.wav,calm
../data\Actor_06\03-01-02-02-02-02-06.wav,calm
../data\Actor_06\03-01-03-01-01-01-06.wav,happy
../data\Actor_06\03-01-03-01-01-02-06.wav,happy
../data\Actor_06\03-01-03-01-02-01-06.wav,happy
../data\Actor_06\03-01-03-01-02-02-06.wav,happy
../data\Actor_06\03-01-03-02-01-01-06.wav,happy
../data\Actor_06\03-01-03-02-01-02-06.wav,happy
../data\Actor_06\03-01-03-02-02-01-06.wav,happy
../data\Actor_06\03-01-03-02-02-02-06.wav,happy
../data\Actor_06\03-01-04-01-01-01-06.wav,sad
../data\Actor_06\03-01-04-01-01-02-06.wav,sad
../data\Actor_06\03-01-04-01-02-01-06.wav,sad
../data\Actor_06\03-01-04-01-02-02-06.wav,sad
../data\Actor_06\03-01-04-02-01-01-06.wav,sad
../data\Actor_06\03-01-04-02-01-02-06.wav,sad
../data\Actor_06\03-01-04-02-02-01-06.wav,sad
../data\Actor_06\03-01-04-02-02-02-06.wav,sad
../data\Actor_06\03-01-05-01-01-01-06.wav,angry
../data\Actor_06\03-01-05-01-01-02-06.wav,angry
../data\Actor_06\03-01-05-01-02-01-06.wav,angry
../data\Actor_06\03-01-05-01-02-02-06.wav,angry
../data\Actor_06\03-01-05-02-01-01-06.wav,angry
../data\Actor_06\03-01-05-02-01-02-06.wav,angry
../data\Actor_06\03-01-05-02-02-01-06.wav,angry
../data\Actor_06\03-01-05-02-02-02-06.wav,angry
../data\Actor_06\03-01-06-01-01-01-06.wav,fearful
../data\Actor_06\03-01-06-01-01-02-06.wav,fearful
../data\Actor_06\03-01-06-01-02-01-06.wav,fearful
../data\Actor_06\03-01-06-01-02-02-06.wav,fearful
../data\Actor_06\03-01-06-02-01-01-06.wav,fearful
../data\Actor_06\03-01-06-02-01-02-06.wav,fearful
../data\Actor_06\03-01-06-02-02-01-06.wav,fearful
../data\Actor_06\03-01-06-02-02-02-06.wav,fearful
../data\Actor_06\03-01-07-01-01-01-06.wav,disgust
../data\Actor_06\03-01-07-01-01-02-06.wav,disgust
../data\Actor_06\03-01-07-01-02-01-06.wav,disgust
../data\Actor_06\03-01-07-01-02-02-06.wav,disgust
../data\Actor_06\03-01-07-02-01-01-06.wav,disgust
../data\Actor_06\03-01-07-02-01-02-06.wav,disgust
../data\Actor_06\03-01-07-02-02-01-06.wav,disgust
../data\Actor_06\03-01-07-02-02-02-06.wav,disgust
../data\Actor_06\03-01-08-01-01-01-06.wav,surprised
../data\Actor_06\03-01-08-01-01-02-06.wav,surprised
../data\Actor_06\03-01-08-01-02-01-06.wav,surprised
../data\Actor_06\03-01-08-01-02-02-06.wav,surprised
../data\Actor_06\03-01-08-02-01-01-06.wav,surprised
../data\Actor_06\03-01-08-02-01-02-06.wav,surprised
../data\Actor_06\03-01-08-02-02-01-06.wav,surprised
../data\Actor_06\03-01-08-02-02-02-06.wav,surprised
../data\Actor_07\03-01-01-01-01-01-07.wav,neutral
../data\Actor_07\03-01-01-01-01-02-07.wav,neutral
../data\Actor_07\03-01-01-01-02-01-07.wav,neutral
../data\Actor_07\03-01-01-01-02-02-07.wav,neutral
../data\Actor_07\03-01-02-01-01-01-07.wav,calm
../data\Actor_07\03-01-02-01-01-02-07.wav,calm
../data\Actor_07\03-01-02-01-02-01-07.wav,calm
../data\Actor_07\03-01-02-01-02-02-07.wav,calm
../data\Actor_07\03-01-02-02-01-01-07.wav,calm
../data\Actor_07\03-01-02-02-01-02-07.wav,calm
../data\Actor_07\03-01-02-02-02-01-07.wav,calm
../data\Actor_07\03-01-02-02-02-02-07.wav,calm
../data\Actor_07\03-01-03-01-01-01-07.wav,happy
../data\Actor_07\03-01-03-01-01-02-07.wav,happy
../data\Actor_07\03-01-03-01-02-01-07.wav,happy
../data\Actor_07\03-01-03-01-02-02-07.wav,happy
../data\Actor_07\03-01-03-02-01-01-07.wav,happy
../data\Actor_07\03-01-03-02-01-02-07.wav,happy
../data\Actor_07\03-01-03-02-02-01-07.wav,happy
../data\Actor_07\03-01-03-02-02-02-07.wav,happy
../data\Actor_07\03-01-04-01-01-01-07.wav,sad
../data\Actor_07\03-01-04-01-01-02-07.wav,sad
../data\Actor_07\03-01-04-01-02-01-07.wav,sad
../data\Actor_07\03-01-04-01-02-02-07.wav,sad
../data\Actor_07\03-01-04-02-01-01-07.wav,sad
../data\Actor_07\03-01-04-02-01-02-07.wav,sad
../data\Actor_07\03-01-04-02-02-01-07.wav,sad
../data\Actor_07\03-01-04-02-02-02-07.wav,sad
../data\Actor_07\03-01-05-01-01-01-07.wav,angry
../data\Actor_07\03-01-05-01-01-02-07.wav,angry
../data\Actor_07\03-01-05-01-02-01-07.wav,angry
../data\Actor_07\03-01-05-01-02-02-07.wav,angry
../data\Actor_07\03-01-05-02-01-01-07.wav,angry
../data\Actor_07\03-01-05-02-01-02-07.wav,angry
../data\Actor_07\03-01-05-02-02-01-07.wav,angry
../data\Actor_07\03-01-05-02-02-02-07.wav,angry
../data\Actor_07\03-01-06-01-01-01-07.wav,fearful
../data\Actor_07\03-01-06-01-01-02-07.wav,fearful
../data\Actor_07\03-01-06-01-02-01-07.wav,fearful
../data\Actor_07\03-01-06-01-02-02-07.wav,fearful
../data\Actor_07\03-01-06-02-01-01-07.wav,fearful
../data\Actor_07\03-01-06-02-01-02-07.wav,fearful
../data\Actor_07\03-01-06-02-02-01-07.wav,fearful
../data\Actor_07\03-01-06-02-02-02-07.wav,fearful
../data\Actor_07\03-01-07-01-01-01-07.wav,disgust
../data\Actor_07\03-01-07-01-01-02-07.wav,disgust
../data\Actor_07\03-01-07-01-02-01-07.wav,disgust
../data\Actor_07\03-01-07-01-02-02-07.wav,disgust
../data\Actor_07\03-01-07-02-01-01-07.wav,disgust
../data\Actor_07\03-01-07-02-01-02-07.wav,disgust
../data\Actor_07\03-01-07-02-02-01-07.wav,disgust
../data\Actor_07\03-01-07-02-02-02-07.wav,disgust
../data\Actor_07\03-01-08-01-01-01-07.wav,surprised
../data\Actor_07\03-01-08-01-01-02-07.wav,surprised
../data\Actor_07\03-01-08-01-02-01-07.wav,surprised
../data\Actor_07\03-01-08-01-02-02-07.wav,surprised
../data\Actor_07\03-01-08-02-01-01-07.wav,surprised
../data\Actor_07\03-01-08-02-01-02-07.wav,surprised
../data\Actor_07\03-01-08-02-02-01-07.wav,surprised
../data\Actor_07\03-01-08-02-02-02-07.wav,surprised
../data\Actor_08\03-01-01-01-01-01-08.wav,neutral
../data\Actor_08\03-01-01-01-01-02-08.wav,neutral
../data\Actor_08\03-01-01-01-02-01-08.wav,neutral
../data\Actor_08\03-01-01-01-02-02-08.wav,neutral
../data\Actor_08\03-01-02-01-01-01-08.wav,calm
../data\Actor_08\03-01-02-01-01-02-08.wav,calm
../data\Actor_08\03-01-02-01-02-01-08.wav,calm
../data\Actor_08\03-01-02-01-02-02-08.wav,calm
../data\Actor_08\03-01-02-02-01-01-08.wav,calm
../data\Actor_08\03-01-02-02-01-02-08.wav,calm
../data\Actor_08\03-01-02-02-02-01-08.wav,calm
../data\Actor_08\03-01-02-02-02-02-08.wav,calm
../data\Actor_08\03-01-03-01-01-01-08.wav,happy
../data\Actor_08\03-01-03-01-01-02-08.wav,happy
../data\Actor_08\03-01-03-01-02-01-08.wav,happy
../data\Actor_08\03-01-03-01-02-02-08.wav,happy
../data\Actor_08\03-01-03-02-01-01-08.wav,happy
../data\Actor_08\03-01-03-02-01-02-08.wav,happy
../data\Actor_08\03-01-03-02-02-01-08.wav,happy
../data\Actor_08\03-01-03-02-02-02-08.wav,happy
../data\Actor_08\03-01-04-01-01-01-08.wav,sad
../data\Actor_08\03-01-04-01-01-02-08.wav,sad
../data\Actor_08\03-01-04-01-02-01-08.wav,sad
../data\Actor_08\03-01-04-01-02-02-08.wav,sad
../data\Actor_08\03-01-04-02-01-01-08.wav,sad
../data\Actor_08\03-01-04-02-01-02-08.wav,sad
../data\Actor_08\03-01-04-02-02-01-08.wav,sad
../data\Actor_08\03-01-04-02-02-02-08.wav,sad
../data\Actor_08\03-01-05-01-01-01-08.wav,angry
../data\Actor_08\03-01-05-01-01-02-08.wav,angry
../data\Actor_08\03-01-05-01-02-01-08.wav,angry
../data\Actor_08\03-01-05-01-02-02-08.wav,angry
../data\Actor_08\03-01-05-02-01-01-08.wav,angry
../data\Actor_08\03-01-05-02-01-02-08.wav,angry
../data\Actor_08\03-01-05-02-02-01-08.wav,angry
../data\Actor_08\03-01-05-02-02-02-08.wav,angry
../data\Actor_08\03-01-06-01-01-01-08.wav,fearful
../data\Actor_08\03-01-06-01-01-02-08.wav,fearful
../data\Actor_08\03-01-06-01-02-01-08.wav,fearful
../data\Actor_08\03-01-06-01-02-02-08.wav,fearful
../data\Actor_08\03-01-06-02-01-01-08.wav,fearful
../data\Actor_08\03-01-06-02-01-02-08.wav,fearful
../data\Actor_08\03-01-06-02-02-01-08.wav,fearful
../data\Actor_08\03-01-06-02-02-02-08.wav,fearful
../data\Actor_08\03-01-07-01-01-01-08.wav,disgust
../data\Actor_08\03-01-07-01-01-02-08.wav,disgust
../data\Actor_08\03-01-07-01-02-01-08.wav,disgust
../data\Actor_08\03-01-07-01-02-02-08.wav,disgust
../data\Actor_08\03-01-07-02-01-01-08.wav,disgust
../data\Actor_08\03-01-07-02-01-02-08.wav,disgust
../data\Actor_08\03-01-07-02-02-01-08.wav,disgust
../data\Actor_08\03-01-07-02-02-02-08.wav,disgust
../data\Actor_08\03-01-08-01-01-01-08.wav,surprised
../data\Actor_08\03-01-08-01-01-02-08.wav,surprised
../data\Actor_08\03-01-08-01-02-01-08.wav,surprised
../data\Actor_08\03-01-08-01-02-02-08.wav,surprised
../data\Actor_08\03-01-08-02-01-01-08.wav,surprised
../data\Actor_08\03-01-08-02-01-02-08.wav,surprised
../data\Actor_08\03-01-08-02-02-01-08.wav,surprised
../data\Actor_08\03-01-08-02-02-02-08.wav,surprised
../data\Actor_09\03-01-01-01-01-01-09.wav,neutral
../data\Actor_09\03-01-01-01-01-02-09.wav,neutral
../data\Actor_09\03-01-01-01-02-01-09.wav,neutral
../data\Actor_09\03-01-01-01-02-02-09.wav,neutral
../data\Actor_09\03-01-02-01-01-01-09.wav,calm
../data\Actor_09\03-01-02-01-01-02-09.wav,calm
../data\Actor_09\03-01-02-01-02-01-09.wav,calm
../data\Actor_09\03-01-02-01-02-02-09.wav,calm
../data\Actor_09\03-01-02-02-01-01-09.wav,calm
../data\Actor_09\03-01-02-02-01-02-09.wav,calm
../data\Actor_09\03-01-02-02-02-01-09.wav,calm
../data\Actor_09\03-01-02-02-02-02-09.wav,calm
../data\Actor_09\03-01-03-01-01-01-09.wav,happy
../data\Actor_09\03-01-03-01-01-02-09.wav,happy
../data\Actor_09\03-01-03-01-02-01-09.wav,happy
../data\Actor_09\03-01-03-01-02-02-09.wav,happy
../data\Actor_09\03-01-03-02-01-01-09.wav,happy
../data\Actor_09\03-01-03-02-01-02-09.wav,happy
../data\Actor_09\03-01-03-02-02-01-09.wav,happy
../data\Actor_09\03-01-03-02-02-02-09.wav,happy
../data\Actor_09\03-01-04-01-01-01-09.wav,sad
../data\Actor_09\03-01-04-01-01-02-09.wav,sad
../data\Actor_09\03-01-04-01-02-01-09.wav,sad
../data\Actor_09\03-01-04-01-02-02-09.wav,sad
../data\Actor_09\03-01-04-02-01-01-09.wav,sad
../data\Actor_09\03-01-04-02-01-02-09.wav,sad
../data\Actor_09\03-01-04-02-02-01-09.wav,sad
../data\Actor_09\03-01-04-02-02-02-09.wav,sad
../data\Actor_09\03-01-05-01-01-01-09.wav,angry
../data\Actor_09\03-01-05-01-01-02-09.wav,angry
../data\Actor_09\03-01-05-01-02-01-09.wav,angry
../data\Actor_09\03-01-05-01-02-02-09.wav,angry
../data\Actor_09\03-01-05-02-01-01-09.wav,angry
../data\Actor_09\03-01-05-02-01-02-09.wav,angry
../data\Actor_09\03-01-05-02-02-01-09.wav,angry
../data\Actor_09\03-01-05-02-02-02-09.wav,angry
../data\Actor_09\03-01-06-01-01-01-09.wav,fearful
../data\Actor_09\03-01-06-01-01-02-09.wav,fearful
../data\Actor_09\03-01-06-01-02-01-09.wav,fearful
../data\Actor_09\03-01-06-01-02-02-09.wav,fearful
../data\Actor_09\03-01-06-02-01-01-09.wav,fearful
../data\Actor_09\03-01-06-02-01-02-09.wav,fearful
../data\Actor_09\03-01-06-02-02-01-09.wav,fearful
../data\Actor_09\03-01-06-02-02-02-09.wav,fearful
../data\Actor_09\03-01-07-01-01-01-09.wav,disgust
../data\Actor_09\03-01-07-01-01-02-09.wav,disgust
../data\Actor_09\03-01-07-01-02-01-09.wav,disgust
../data\Actor_09\03-01-07-01-02-02-09.wav,disgust
../data\Actor_09\03-01-07-02-01-01-09.wav,disgust
../data\Actor_09\03-01-07-02-01-02-09.wav,disgust
../data\Actor_09\03-01-07-02-02-01-09.wav,disgust
../data\Actor_09\03-01-07-02-02-02-09.wav,disgust
../data\Actor_09\03-01-08-01-01-01-09.wav,surprised
../data\Actor_09\03-01-08-01-01-02-09.wav,surprised
../data\Actor_09\03-01-08-01-02-01-09.wav,surprised
../data\Actor_09\03-01-08-01-02-02-09.wav,surprised
../data\Actor_09\03-01-08-02-01-01-09.wav,surprised
../data\Actor_09\03-01-08-02-01-02-09.wav,surprised
../data\Actor_09\03-01-08-02-02-01-09.wav,surprised
../data\Actor_09\03-01-08-02-02-02-09.wav,surprised
../data\Actor_10\03-01-01-01-01-01-10.wav,neutral
../data\Actor_10\03-01-01-01-01-02-10.wav,neutral
../data\Actor_10\03-01-01-01-02-01-10.wav,neutral
../data\Actor_10\03-01-01-01-02-02-10.wav,neutral
../data\Actor_10\03-01-02-01-01-01-10.wav,calm
../data\Actor_10\03-01-02-01-01-02-10.wav,calm
../data\Actor_10\03-01-02-01-02-01-10.wav,calm
../data\Actor_10\03-01-02-01-02-02-10.wav,calm
../data\Actor_10\03-01-02-02-01-01-10.wav,calm
../data\Actor_10\03-01-02-02-01-02-10.wav,calm
../data\Actor_10\03-01-02-02-02-01-10.wav,calm
../data\Actor_10\03-01-02-02-02-02-10.wav,calm
../data\Actor_10\03-01-03-01-01-01-10.wav,happy
../data\Actor_10\03-01-03-01-01-02-10.wav,happy
../data\Actor_10\03-01-03-01-02-01-10.wav,happy
../data\Actor_10\03-01-03-01-02-02-10.wav,happy
../data\Actor_10\03-01-03-02-01-01-10.wav,happy
../data\Actor_10\03-01-03-02-01-02-10.wav,happy
../data\Actor_10\03-01-03-02-02-01-10.wav,happy
../data\Actor_10\03-01-03-02-02-02-10.wav,happy
../data\Actor_10\03-01-04-01-01-01-10.wav,sad
../data\Actor_10\03-01-04-01-01-02-10.wav,sad
../data\Actor_10\03-01-04-01-02-01-10.wav,sad
../data\Actor_10\03-01-04-01-02-02-10.wav,sad
../data\Actor_10\03-01-04-02-01-01-10.wav,sad
../data\Actor_10\03-01-04-02-01-02-10.wav,sad
../data\Actor_10\03-01-04-02-02-01-10.wav,sad
../data\Actor_10\03-01-04-02-02-02-10.wav,sad
../data\Actor_10\03-01-05-01-01-01-10.wav,angry
../data\Actor_10\03-01-05-01-01-02-10.wav,angry
../data\Actor_10\03-01-05-01-02-01-10.wav,angry
../data\Actor_10\03-01-05-01-02-02-10.wav,angry
../data\Actor_10\03-01-05-02-01-01-10.wav,angry
../data\Actor_10\03-01-05-02-01-02-10.wav,angry
../data\Actor_10\03-01-05-02-02-01-10.wav,angry
../data\Actor_10\03-01-05-02-02-02-10.wav,angry
../data\Actor_10\03-01-06-01-01-01-10.wav,fearful
../data\Actor_10\03-01-06-01-01-02-10.wav,fearful
../data\Actor_10\03-01-06-01-02-01-10.wav,fearful
../data\Actor_10\03-01-06-01-02-02-10.wav,fearful
../data\Actor_10\03-01-06-02-01-01-10.wav,fearful
../data\Actor_10\03-01-06-02-01-02-10.wav,fearful
../data\Actor_10\03-01-06-02-02-01-10.wav,fearful
../data\Actor_10\03-01-06-02-02-02-10.wav,fearful
../data\Actor_10\03-01-07-01-01-01-10.wav,disgust
../data\Actor_10\03-01-07-01-01-02-10.wav,disgust
../data\Actor_10\03-01-07-01-02-01-10.wav,disgust
../data\Actor_10\03-01-07-01-02-02-10.wav,disgust
../data\Actor_10\03-01-07-02-01-01-10.wav,disgust
../data\Actor_10\03-01-07-02-01-02-10.wav,disgust
../data\Actor_10\03-01-07-02-02-01-10.wav,disgust
../data\Actor_10\03-01-07-02-02-02-10.wav,disgust
../data\Actor_10\03-01-08-01-01-01-10.wav,surprised
../data\Actor_10\03-01-08-01-01-02-10.wav,surprised
../data\Actor_10\03-01-08-01-02-01-10.wav,surprised
../data\Actor_10\03-01-08-01-02-02-10.wav,surprised
../data\Actor_10\03-01-08-02-01-01-10.wav,surprised
../data\Actor_10\03-01-08-02-01-02-10.wav,surprised
../data\Actor_10\03-01-08-02-02-01-10.wav,surprised
../data\Actor_10\03-01-08-02-02-02-10.wav,surprised
../data\Actor_11\03-01-01-01-01-01-11.wav,neutral
../data\Actor_11\03-01-01-01-01-02-11.wav,neutral
../data\Actor_11\03-01-01-01-02-01-11.wav,neutral
../data\Actor_11\03-01-01-01-02-02-11.wav,neutral
../data\Actor_11\03-01-02-01-01-01-11.wav,calm
../data\Actor_11\03-01-02-01-01-02-11.wav,calm
../data\Actor_11\03-01-02-01-02-01-11.wav,calm
../data\Actor_11\03-01-02-01-02-02-11.wav,calm
../data\Actor_11\03-01-02-02-01-01-11.wav,calm
../data\Actor_11\03-01-02-02-01-02-11.wav,calm
../data\Actor_11\03-01-02-02-02-01-11.wav,calm
../data\Actor_11\03-01-02-02-02-02-11.wav,calm
../data\Actor_11\03-01-03-01-01-01-11.wav,happy
../data\Actor_11\03-01-03-01-01-02-11.wav,happy
../data\Actor_11\03-01-03-01-02-01-11.wav,happy
../data\Actor_11\03-01-03-01-02-02-11.wav,happy
../data\Actor_11\03-01-03-02-01-01-11.wav,happy
../data\Actor_11\03-01-03-02-01-02-11.wav,happy
../data\Actor_11\03-01-03-02-02-01-11.wav,happy
../data\Actor_11\03-01-03-02-02-02-11.wav,happy
../data\Actor_11\03-01-04-01-01-01-11.wav,sad
../data\Actor_11\03-01-04-01-01-02-11.wav,sad
../data\Actor_11\03-01-04-01-02-01-11.wav,sad
../data\Actor_11\03-01-04-01-02-02-11.wav,sad
../data\Actor_11\03-01-04-02-01-01-11.wav,sad
../data\Actor_11\03-01-04-02-01-02-11.wav,sad
../data\Actor_11\03-01-04-02-02-01-11.wav,sad
../data\Actor_11\03-01-04-02-02-02-11.wav,sad
../data\Actor_11\03-01-05-01-01-01-11.wav,angry
../data\Actor_11\03-01-05-01-01-02-11.wav,angry
../data\Actor_11\03-01-05-01-02-01-11.wav,angry
../data\Actor_11\03-01-05-01-02-02-11.wav,angry
../data\Actor_11\03-01-05-02-01-01-11.wav,angry
../data\Actor_11\03-01-05-02-01-02-11.wav,angry
../data\Actor_11\03-01-05-02-02-01-11.wav,angry
../data\Actor_11\03-01-05-02-02-02-11.wav,angry
../data\Actor_11\03-01-06-01-01-01-11.wav,fearful
../data\Actor_11\03-01-06-01-01-02-11.wav,fearful
../data\Actor_11\03-01-06-01-02-01-11.wav,fearful
../data\Actor_11\03-01-06-01-02-02-11.wav,fearful
../data\Actor_11\03-01-06-02-01-01-11.wav,fearful
../data\Actor_11\03-01-06-02-01-02-11.wav,fearful
../data\Actor_11\03-01-06-02-02-01-11.wav,fearful
../data\Actor_11\03-01-06-02-02-02-11.wav,fearful
../data\Actor_11\03-01-07-01-01-01-11.wav,disgust
../data\Actor_11\03-01-07-01-01-02-11.wav,disgust
../data\Actor_11\03-01-07-01-02-01-11.wav,disgust
../data\Actor_11\03-01-07-01-02-02-11.wav,disgust
../data\Actor_11\03-01-07-02-01-01-11.wav,disgust
../data\Actor_11\03-01-07-02-01-02-11.wav,disgust
../data\Actor_11\03-01-07-02-02-01-11.wav,disgust
../data\Actor_11\03-01-07-02-02-02-11.wav,disgust
../data\Actor_11\03-01-08-01-01-01-11.wav,surprised
../data\Actor_11\03-01-08-01-01-02-11.wav,surprised
../data\Actor_11\03-01-08-01-02-01-11.wav,surprised
../data\Actor_11\03-01-08-01-02-02-11.wav,surprised
../data\Actor_11\03-01-08-02-01-01-11.wav,surprised
../data\Actor_11\03-01-08-02-01-02-11.wav,surprised
../data\Actor_11\03-01-08-02-02-01-11.wav,surprised
../data\Actor_11\03-01-08-02-02-02-11.wav,surprised
../data\Actor_12\03-01-01-01-01-01-12.wav,neutral
../data\Actor_12\03-01-01-01-01-02-12.wav,neutral
../data\Actor_12\03-01-01-01-02-01-12.wav,neutral
../data\Actor_12\03-01-01-01-02-02-12.wav,neutral
../data\Actor_12\03-01-02-01-01-01-12.wav,calm
../data\Actor_12\03-01-02-01-01-02-12.wav,calm
../data\Actor_12\03-01-02-01-02-01-12.wav,calm
../data\Actor_12\03-01-02-01-02-02-12.wav,calm
../data\Actor_12\03-01-02-02-01-01-12.wav,calm
../data\Actor_12\03-01-02-02-01-02-12.wav,calm
../data\Actor_12\03-01-02-02-02-01-12.wav,calm
../data\Actor_12\03-01-02-02-02-02-12.wav,calm
../data\Actor_12\03-01-03-01-01-01-12.wav,happy
../data\Actor_12\03-01-03-01-01-02-12.wav,happy
../data\Actor_12\03-01-03-01-02-01-12.wav,happy
../data\Actor_12\03-01-03-01-02-02-12.wav,happy
../data\Actor_12\03-01-03-02-01-01-12.wav,happy
../data\Actor_12\03-01-03-02-01-02-12.wav,happy
../data\Actor_12\03-01-03-02-02-01-12.wav,happy
../data\Actor_12\03-01-03-02-02-02-12.wav,happy
../data\Actor_12\03-01-04-01-01-01-12.wav,sad
../data\Actor_12\03-01-04-01-01-02-12.wav,sad
../data\Actor_12\03-01-04-01-02-01-12.wav,sad
../data\Actor_12\03-01-04-01-02-02-12.wav,sad
../data\Actor_12\03-01-04-02-01-01-12.wav,sad
../data\Actor_12\03-01-04-02-01-02-12.wav,sad
../data\Actor_12\03-01-04-02-02-01-12.wav,sad
../data\Actor_12\03-01-04-02-02-02-12.wav,sad
../data\Actor_12\03-01-05-01-01-01-12.wav,angry
../data\Actor_12\03-01-05-01-01-02-12.wav,angry
../data\Actor_12\03-01-05-01-02-01-12.wav,angry
../data\Actor_12\03-01-05-01-02-02-12.wav,angry
../data\Actor_12\03-01-05-02-01-01-12.wav,angry
../data\Actor_12\03-01-05-02-01-02-12.wav,angry
../data\Actor_12\03-01-05-02-02-01-12.wav,angry
../data\Actor_12\03-01-05-02-02-02-12.wav,angry
../data\Actor_12\03-01-06-01-01-01-12.wav,fearful
../data\Actor_12\03-01-06-01-01-02-12.wav,fearful
../data\Actor_12\03-01-06-01-02-01-12.wav,fearful
../data\Actor_12\03-01-06-01-02-02-12.wav,fearful
../data\Actor_12\03-01-06-02-01-01-12.wav,fearful
../data\Actor_12\03-01-06-02-01-02-12.wav,fearful
../data\Actor_12\03-01-06-02-02-01-12.wav,fearful
../data\Actor_12\03-01-06-02-02-02-12.wav,fearful
../data\Actor_12\03-01-07-01-01-01-12.wav,disgust
../data\Actor_12\03-01-07-01-01-02-12.wav,disgust
../data\Actor_12\03-01-07-01-02-01-12.wav,disgust
../data\Actor_12\03-01-07-01-02-02-12.wav,disgust
../data\Actor_12\03-01-07-02-01-01-12.wav,disgust
../data\Actor_12\03-01-07-02-01-02-12.wav,disgust
../data\Actor_12\03-01-07-02-02-01-12.wav,disgust
../data\Actor_12\03-01-07-02-02-02-12.wav,disgust
../data\Actor_12\03-01-08-01-01-01-12.wav,surprised
../data\Actor_12\03-01-08-01-01-02-12.wav,surprised
../data\Actor_12\03-01-08-01-02-01-12.wav,surprised
../data\Actor_12\03-01-08-01-02-02-12.wav,surprised
../data\Actor_12\03-01-08-02-01-01-12.wav,surprised
../data\Actor_12\03-01-08-02-01-02-12.wav,surprised
../data\Actor_12\03-01-08-02-02-01-12.wav,surprised
../data\Actor_12\03-01-08-02-02-02-12.wav,surprised
../data\Actor_13\03-01-01-01-01-01-13.wav,neutral
../data\Actor_13\03-01-01-01-01-02-13.wav,neutral
../data\Actor_13\03-01-01-01-02-01-13.wav,neutral
../data\Actor_13\03-01-01-01-02-02-13.wav,neutral
../data\Actor_13\03-01-02-01-01-01-13.wav,calm
../data\Actor_13\03-01-02-01-01-02-13.wav,calm
../data\Actor_13\03-01-02-01-02-01-13.wav,calm
../data\Actor_13\03-01-02-01-02-02-13.wav,calm
../data\Actor_13\03-01-02-02-01-01-13.wav,calm
../data\Actor_13\03-01-02-02-01-02-13.wav,calm
../data\Actor_13\03-01-02-02-02-01-13.wav,calm
../data\Actor_13\03-01-02-02-02-02-13.wav,calm
../data\Actor_13\03-01-03-01-01-01-13.wav,happy
../data\Actor_13\03-01-03-01-01-02-13.wav,happy
../data\Actor_13\03-01-03-01-02-01-13.wav,happy
../data\Actor_13\03-01-03-01-02-02-13.wav,happy
../data\Actor_13\03-01-03-02-01-01-13.wav,happy
../data\Actor_13\03-01-03-02-01-02-13.wav,happy
../data\Actor_13\03-01-03-02-02-01-13.wav,happy
../data\Actor_13\03-01-03-02-02-02-13.wav,happy
../data\Actor_13\03-01-04-01-01-01-13.wav,sad
../data\Actor_13\03-01-04-01-01-02-13.wav,sad
../data\Actor_13\03-01-04-01-02-01-13.wav,sad
../data\Actor_13\03-01-04-01-02-02-13.wav,sad
../data\Actor_13\03-01-04-02-01-01-13.wav,sad
../data\Actor_13\03-01-04-02-01-02-13.wav,sad
../data\Actor_13\03-01-04-02-02-01-13.wav,sad
../data\Actor_13\03-01-04-02-02-02-13.wav,sad
../data\Actor_13\03-01-05-01-01-01-13.wav,angry
../data\Actor_13\03-01-05-01-01-02-13.wav,angry
../data\Actor_13\03-01-05-01-02-01-13.wav,angry
../data\Actor_13\03-01-05-01-02-02-13.wav,angry
../data\Actor_13\03-01-05-02-01-01-13.wav,angry
../data\Actor_13\03-01-05-02-01-02-13.wav,angry
../data\Actor_13\03-01-05-02-02-01-13.wav,angry
../data\Actor_13\03-01-05-02-02-02-13.wav,angry
../data\Actor_13\03-01-06-01-01-01-13.wav,fearful
../data\Actor_13\03-01-06-01-01-02-13.wav,fearful
../data\Actor_13\03-01-06-01-02-01-13.wav,fearful
../data\Actor_13\03-01-06-01-02-02-13.wav,fearful
../data\Actor_13\03-01-06-02-01-01-13.wav,fearful
../data\Actor_13\03-01-06-02-01-02-13.wav,fearful
../data\Actor_13\03-01-06-02-02-01-13.wav,fearful
../data\Actor_13\03-01-06-02-02-02-13.wav,fearful
../data\Actor_13\03-01-07-01-01-01-13.wav,disgust
../data\Actor_13\03-01-07-01-01-02-13.wav,disgust
../data\Actor_13\03-01-07-01-02-01-13.wav,disgust
../data\Actor_13\03-01-07-01-02-02-13.wav,disgust
../data\Actor_13\03-01-07-02-01-01-13.wav,disgust
../data\Actor_13\03-01-07-02-01-02-13.wav,disgust
../data\Actor_13\03-01-07-02-02-01-13.wav,disgust
../data\Actor_13\03-01-07-02-02-02-13.wav,disgust
../data\Actor_13\03-01-08-01-01-01-13.wav,surprised
../data\Actor_13\03-01-08-01-01-02-13.wav,surprised
../data\Actor_13\03-01-08-01-02-01-13.wav,surprised
../data\Actor_13\03-01-08-01-02-02-13.wav,surprised
../data\Actor_13\03-01-08-02-01-01-13.wav,surprised
../data\Actor_13\03-01-08-02-01-02-13.wav,surprised
../data\Actor_13\03-01-08-02-02-01-13.wav,surprised
../data\Actor_13\03-01-08-02-02-02-13.wav,surprised
../data\Actor_14\03-01-01-01-01-01-14.wav,neutral
../data\Actor_14\03-01-01-01-01-02-14.wav,neutral
../data\Actor_14\03-01-01-01-02-01-14.wav,neutral
../data\Actor_14\03-01-01-01-02-02-14.wav,neutral
../data\Actor_14\03-01-02-01-01-01-14.wav,calm
../data\Actor_14\03-01-02-01-01-02-14.wav,calm
../data\Actor_14\03-01-02-01-02-01-14.wav,calm
../data\Actor_14\03-01-02-01-02-02-14.wav,calm
../data\Actor_14\03-01-02-02-01-01-14.wav,calm
../data\Actor_14\03-01-02-02-01-02-14.wav,calm
../data\Actor_14\03-01-02-02-02-01-14.wav,calm
../data\Actor_14\03-01-02-02-02-02-14.wav,calm
../data\Actor_14\03-01-03-01-01-01-14.wav,happy
../data\Actor_14\03-01-03-01-01-02-14.wav,happy
../data\Actor_14\03-01-03-01-02-01-14.wav,happy
../data\Actor_14\03-01-03-01-02-02-14.wav,happy
../data\Actor_14\03-01-03-02-01-01-14.wav,happy
../data\Actor_14\03-01-03-02-01-02-14.wav,happy
../data\Actor_14\03-01-03-02-02-01-14.wav,happy
../data\Actor_14\03-01-03-02-02-02-14.wav,happy
../data\Actor_14\03-01-04-01-01-01-14.wav,sad
../data\Actor_14\03-01-04-01-01-02-14.wav,sad
../data\Actor_14\03-01-04-01-02-01-14.wav,sad
../data\Actor_14\03-01-04-01-02-02-14.wav,sad
../data\Actor_14\03-01-04-02-01-01-14.wav,sad
../data\Actor_14\03-01-04-02-01-02-14.wav,sad
../data\Actor_14\03-01-04-02-02-01-14.wav,sad
../data\Actor_14\03-01-04-02-02-02-14.wav,sad
../data\Actor_14\03-01-05-01-01-01-14.wav,angry
../data\Actor_14\03-01-05-01-01-02-14.wav,angry
../data\Actor_14\03-01-05-01-02-01-14.wav,angry
../data\Actor_14\03-01-05-01-02-02-14.wav,angry
../data\Actor_14\03-01-05-02-01-01-14.wav,angry
../data\Actor_14\03-01-05-02-01-02-14.wav,angry
../data\Actor_14\03-01-05-02-02-01-14.wav,angry
../data\Actor_14\03-01-05-02-02-02-14.wav,angry
../data\Actor_14\03-01-06-01-01-01-14.wav,fearful
../data\Actor_14\03-01-06-01-01-02-14.wav,fearful
../data\Actor_14\03-01-06-01-02-01-14.wav,fearful
../data\Actor_14\03-01-06-01-02-02-14.wav,fearful
../data\Actor_14\03-01-06-02-01-01-14.wav,fearful
../data\Actor_14\03-01-06-02-01-02-14.wav,fearful
../data\Actor_14\03-01-06-02-02-01-14.wav,fearful
../data\Actor_14\03-01-06-02-02-02-14.wav,fearful
../data\Actor_14\03-01-07-01-01-01-14.wav,disgust
../data\Actor_14\03-01-07-01-01-02-14.wav,disgust
../data\Actor_14\03-01-07-01-02-01-14.wav,disgust
../data\Actor_14\03-01-07-01-02-02-14.wav,disgust
../data\Actor_14\03-01-07-02-01-01-14.wav,disgust
../data\Actor_14\03-01-07-02-01-02-14.wav,disgust
../data\Actor_14\03-01-07-02-02-01-14.wav,disgust
../data\Actor_14\03-01-07-02-02-02-14.wav,disgust
../data\Actor_14\03-01-08-01-01-01-14.wav,surprised
../data\Actor_14\03-01-08-01-01-02-14.wav,surprised
../data\Actor_14\03-01-08-01-02-01-14.wav,surprised
../data\Actor_14\03-01-08-01-02-02-14.wav,surprised
../data\Actor_14\03-01-08-02-01-01-14.wav,surprised
../data\Actor_14\03-01-08-02-01-02-14.wav,surprised
../data\Actor_14\03-01-08-02-02-01-14.wav,surprised
../data\Actor_14\03-01-08-02-02-02-14.wav,surprised
../data\Actor_15\03-01-01-01-01-01-15.wav,neutral
../data\Actor_15\03-01-01-01-01-02-15.wav,neutral
../data\Actor_15\03-01-01-01-02-01-15.wav,neutral
../data\Actor_15\03-01-01-01-02-02-15.wav,neutral
../data\Actor_15\03-01-02-01-01-01-15.wav,calm
../data\Actor_15\03-01-02-01-01-02-15.wav,calm
../data\Actor_15\03-01-02-01-02-01-15.wav,calm
../data\Actor_15\03-01-02-01-02-02-15.wav,calm
../data\Actor_15\03-01-02-02-01-01-15.wav,calm
../data\Actor_15\03-01-02-02-01-02-15.wav,calm
../data\Actor_15\03-01-02-02-02-01-15.wav,calm
../data\Actor_15\03-01-02-02-02-02-15.wav,calm
../data\Actor_15\03-01-03-01-01-01-15.wav,happy
../data\Actor_15\03-01-03-01-01-02-15.wav,happy
../data\Actor_15\03-01-03-01-02-01-15.wav,happy
../data\Actor_15\03-01-03-01-02-02-15.wav,happy
../data\Actor_15\03-01-03-02-01-01-15.wav,happy
../data\Actor_15\03-01-03-02-01-02-15.wav,happy
../data\Actor_15\03-01-03-02-02-01-15.wav,happy
../data\Actor_15\03-01-03-02-02-02-15.wav,happy
../data\Actor_15\03-01-04-01-01-01-15.wav,sad
../data\Actor_15\03-01-04-01-01-02-15.wav,sad
../data\Actor_15\03-01-04-01-02-01-15.wav,sad
../data\Actor_15\03-01-04-01-02-02-15.wav,sad
../data\Actor_15\03-01-04-02-01-01-15.wav,sad
../data\Actor_15\03-01-04-02-01-02-15.wav,sad
../data\Actor_15\03-01-04-02-02-01-15.wav,sad
../data\Actor_15\03-01-04-02-02-02-15.wav,sad
../data\Actor_15\03-01-05-01-01-01-15.wav,angry
../data\Actor_15\03-01-05-01-01-02-15.wav,angry
../data\Actor_15\03-01-05-01-02-01-15.wav,angry
../data\Actor_15\03-01-05-01-02-02-15.wav,angry
../data\Actor_15\03-01-05-02-01-01-15.wav,angry
../data\Actor_15\03-01-05-02-01-02-15.wav,angry
../data\Actor_15\03-01-05-02-02-01-15.wav,angry
../data\Actor_15\03-01-05-02-02-02-15.wav,angry
../data\Actor_15\03-01-06-01-01-01-15.wav,fearful
../data\Actor_15\03-01-06-01-01-02-15.wav,fearful
../data\Actor_15\03-01-06-01-02-01-15.wav,fearful
../data\Actor_15\03-01-06-01-02-02-15.wav,fearful
../data\Actor_15\03-01-06-02-01-01-15.wav,fearful
../data\Actor_15\03-01-06-02-01-02-15.wav,fearful
../data\Actor_15\03-01-06-02-02-01-15.wav,fearful
../data\Actor_15\03-01-06-02-02-02-15.wav,fearful
../data\Actor_15\03-01-07-01-01-01-15.wav,disgust
../data\Actor_15\03-01-07-01-01-02-15.wav,disgust
../data\Actor_15\03-01-07-01-02-01-15.wav,disgust
../data\Actor_15\03-01-07-01-02-02-15.wav,disgust
../data\Actor_15\03-01-07-02-01-01-15.wav,disgust
../data\Actor_15\03-01-07-02-01-02-15.wav,disgust
../data\Actor_15\03-01-07-02-02-01-15.wav,disgust
../data\Actor_15\03-01-07-02-02-02-15.wav,disgust
../data\Actor_15\03-01-08-01-01-01-15.wav,surprised
../data\Actor_15\03-01-08-01-01-02-15.wav,surprised
../data\Actor_15\03-01-08-01-02-01-15.wav,surprised
../data\Actor_15\03-01-08-01-02-02-15.wav,surprised
../data\Actor_15\03-01-08-02-01-01-15.wav,surprised
../data\Actor_15\03-01-08-02-01-02-15.wav,surprised
../data\Actor_15\03-01-08-02-02-01-15.wav,surprised
../data\Actor_15\03-01-08-02-02-02-15.wav,surprised
../data\Actor_16\03-01-01-01-01-01-16.wav,neutral
../data\Actor_16\03-01-01-01-01-02-16.wav,neutral
../data\Actor_16\03-01-01-01-02-01-16.wav,neutral
../data\Actor_16\03-01-01-01-02-02-16.wav,neutral
../data\Actor_16\03-01-02-01-01-01-16.wav,calm
../data\Actor_16\03-01-02-01-01-02-16.wav,calm
../data\Actor_16\03-01-02-01-02-01-16.wav,calm
../data\Actor_16\03-01-02-01-02-02-16.wav,calm
../data\Actor_16\03-01-02-02-01-01-16.wav,calm
../data\Actor_16\03-01-02-02-01-02-16.wav,calm
../data\Actor_16\03-01-02-02-02-01-16.wav,calm
../data\Actor_16\03-01-02-02-02-02-16.wav,calm
../data\Actor_16\03-01-03-01-01-01-16.wav,happy
../data\Actor_16\03-01-03-01-01-02-16.wav,happy
../data\Actor_16\03-01-03-01-02-01-16.wav,happy
../data\Actor_16\03-01-03-01-02-02-16.wav,happy
../data\Actor_16\03-01-03-02-01-01-16.wav,happy
../data\Actor_16\03-01-03-02-01-02-16.wav,happy
../data\Actor_16\03-01-03-02-02-01-16.wav,happy
../data\Actor_16\03-01-03-02-02-02-16.wav,happy
../data\Actor_16\03-01-04-01-01-01-16.wav,sad
../data\Actor_16\03-01-04-01-01-02-16.wav,sad
../data\Actor_16\03-01-04-01-02-01-16.wav,sad
../data\Actor_16\03-01-04-01-02-02-16.wav,sad
../data\Actor_16\03-01-04-02-01-01-16.wav,sad
../data\Actor_16\03-01-04-02-01-02-16.wav,sad
../data\Actor_16\03-01-04-02-02-01-16.wav,sad
../data\Actor_16\03-01-04-02-02-02-16.wav,sad
../data\Actor_16\03-01-05-01-01-01-16.wav,angry
../data\Actor_16\03-01-05-01-01-02-16.wav,angry
../data\Actor_16\03-01-05-01-02-01-16.wav,angry
../data\Actor_16\03-01-05-01-02-02-16.wav,angry
../data\Actor_16\03-01-05-02-01-01-16.wav,angry
../data\Actor_16\03-01-05-02-01-02-16.wav,angry
../data\Actor_16\03-01-05-02-02-01-16.wav,angry
../data\Actor_16\03-01-05-02-02-02-16.wav,angry
../data\Actor_16\03-01-06-01-01-01-16.wav,fearful
../data\Actor_16\03-01-06-01-01-02-16.wav,fearful
../data\Actor_16\03-01-06-01-02-01-16.wav,fearful
../data\Actor_16\03-01-06-01-02-02-16.wav,fearful
../data\Actor_16\03-01-06-02-01-01-16.wav,fearful
../data\Actor_16\03-01-06-02-01-02-16.wav,fearful
../data\Actor_16\03-01-06-02-02-01-16.wav,fearful
../data\Actor_16\03-01-06-02-02-02-16.wav,fearful
../data\Actor_16\03-01-07-01-01-01-16.wav,disgust
../data\Actor_16\03-01-07-01-01-02-16.wav,disgust
../data\Actor_16\03-01-07-01-02-01-16.wav,disgust
../data\Actor_16\03-01-07-01-02-02-16.wav,disgust
../data\Actor_16\03-01-07-02-01-01-16.wav,disgust
../data\Actor_16\03-01-07-02-01-02-16.wav,disgust
../data\Actor_16\03-01-07-02-02-01-16.wav,disgust
../data\Actor_16\03-01-07-02-02-02-16.wav,disgust
../data\Actor_16\03-01-08-01-01-01-16.wav,surprised
../data\Actor_16\03-01-08-01-01-02-16.wav,surprised
../data\Actor_16\03-01-08-01-02-01-16.wav,surprised
../data\Actor_16\03-01-08-01-02-02-16.wav,surprised
../data\Actor_16\03-01-08-02-01-01-16.wav,surprised
../data\Actor_16\03-01-08-02-01-02-16.wav,surprised
../data\Actor_16\03-01-08-02-02-01-16.wav,surprised
../data\Actor_16\03-01-08-02-02-02-16.wav,surprised
../data\Actor_17\03-01-01-01-01-01-17.wav,neutral
../data\Actor_17\03-01-01-01-01-02-17.wav,neutral
../data\Actor_17\03-01-01-01-02-01-17.wav,neutral
../data\Actor_17\03-01-01-01-02-02-17.wav,neutral
../data\Actor_17\03-01-02-01-01-01-17.wav,calm
../data\Actor_17\03-01-02-01-01-02-17.wav,calm
../data\Actor_17\03-01-02-01-02-01-17.wav,calm
../data\Actor_17\03-01-02-01-02-02-17.wav,calm
../data\Actor_17\03-01-02-02-01-01-17.wav,calm
../data\Actor_17\03-01-02-02-01-02-17.wav,calm
../data\Actor_17\03-01-02-02-02-01-17.wav,calm
../data\Actor_17\03-01-02-02-02-02-17.wav,calm
../data\Actor_17\03-01-03-01-01-01-17.wav,happy
../data\Actor_17\03-01-03-01-01-02-17.wav,happy
../data\Actor_17\03-01-03-01-02-01-17.wav,happy
../data\Actor_17\03-01-03-01-02-02-17.wav,happy
../data\Actor_17\03-01-03-02-01-01-17.wav,happy
../data\Actor_17\03-01-03-02-01-02-17.wav,happy
../data\Actor_17\03-01-03-02-02-01-17.wav,happy
../data\Actor_17\03-01-03-02-02-02-17.wav,happy
../data\Actor_17\03-01-04-01-01-01-17.wav,sad
../data\Actor_17\03-01-04-01-01-02-17.wav,sad
../data\Actor_17\03-01-04-01-02-01-17.wav,sad
../data\Actor_17\03-01-04-01-02-02-17.wav,sad
../data\Actor_17\03-01-04-02-01-01-17.wav,sad
../data\Actor_17\03-01-04-02-01-02-17.wav,sad
../data\Actor_17\03-01-04-02-02-01-17.wav,sad
../data\Actor_17\03-01-04-02-02-02-17.wav,sad
../data\Actor_17\03-01-05-01-01-01-17.wav,angry
../data\Actor_17\03-01-05-01-01-02-17.wav,angry
../data\Actor_17\03-01-05-01-02-01-17.wav,angry
../data\Actor_17\03-01-05-01-02-02-17.wav,angry
../data\Actor_17\03-01-05-02-01-01-17.wav,angry
../data\Actor_17\03-01-05-02-01-02-17.wav,angry
../data\Actor_17\03-01-05-02-02-01-17.wav,angry
../data\Actor_17\03-01-05-02-02-02-17.wav,angry
../data\Actor_17\03-01-06-01-01-01-17.wav,fearful
../data\Actor_17\03-01-06-01-01-02-17.wav,fearful
../data\Actor_17\03-01-06-01-02-01-17.wav,fearful
../data\Actor_17\03-01-06-01-02-02-17.wav,fearful
../data\Actor_17\03-01-06-02-01-01-17.wav,fearful
../data\Actor_17\03-01-06-02-01-02-17.wav,fearful
../data\Actor_17\03-01-06-02-02-01-17.wav,fearful
../data\Actor_17\03-01-06-02-02-02-17.wav,fearful
../data\Actor_17\03-01-07-01-01-01-17.wav,disgust
../data\Actor_17\03-01-07-01-01-02-17.wav,disgust
../data\Actor_17\03-01-07-01-02-01-17.wav,disgust
../data\Actor_17\03-01-07-01-02-02-17.wav,disgust
../data\Actor_17\03-01-07-02-01-01-17.wav,disgust
../data\Actor_17\03-01-07-02-01-02-17.wav,disgust
../data\Actor_17\03-01-07-02-02-01-17.wav,disgust
../data\Actor_17\03-01-07-02-02-02-17.wav,disgust
../data\Actor_17\03-01-08-01-01-01-17.wav,surprised
../data\Actor_17\03-01-08-01-01-02-17.wav,surprised
../data\Actor_17\03-01-08-01-02-01-17.wav,surprised
../data\Actor_17\03-01-08-01-02-02-17.wav,surprised
../data\Actor_17\03-01-08-02-01-01-17.wav,surprised
../data\Actor_17\03-01-08-02-01-02-17.wav,surprised
../data\Actor_17\03-01-08-02-02-01-17.wav,surprised
../data\Actor_17\03-01-08-02-02-02-17.wav,surprised
../data\Actor_18\03-01-01-01-01-01-18.wav,neutral
../data\Actor_18\03-01-01-01-01-02-18.wav,neutral
../data\Actor_18\03-01-01-01-02-01-18.wav,neutral
../data\Actor_18\03-01-01-01-02-02-18.wav,neutral
../data\Actor_18\03-01-02-01-01-01-18.wav,calm
../data\Actor_18\03-01-02-01-01-02-18.wav,calm
../data\Actor_18\03-01-02-01-02-01-18.wav,calm
../data\Actor_18\03-01-02-01-02-02-18.wav,calm
../data\Actor_18\03-01-02-02-01-01-18.wav,calm
../data\Actor_18\03-01-02-02-01-02-18.wav,calm
../data\Actor_18\03-01-02-02-02-01-18.wav,calm
../data\Actor_18\03-01-02-02-02-02-18.wav,calm
../data\Actor_18\03-01-03-01-01-01-18.wav,happy
../data\Actor_18\03-01-03-01-01-02-18.wav,happy
../data\Actor_18\03-01-03-01-02-01-18.wav,happy
../data\Actor_18\03-01-03-01-02-02-18.wav,happy
../data\Actor_18\03-01-03-02-01-01-18.wav,happy
../data\Actor_18\03-01-03-02-01-02-18.wav,happy
../data\Actor_18\03-01-03-02-02-01-18.wav,happy
../data\Actor_18\03-01-03-02-02-02-18.wav,happy
../data\Actor_18\03-01-04-01-01-01-18.wav,sad
../data\Actor_18\03-01-04-01-01-02-18.wav,sad
../data\Actor_18\03-01-04-01-02-01-18.wav,sad
../data\Actor_18\03-01-04-01-02-02-18.wav,sad
../data\Actor_18\03-01-04-02-01-01-18.wav,sad
../data\Actor_18\03-01-04-02-01-02-18.wav,sad
../data\Actor_18\03-01-04-02-02-01-18.wav,sad
../data\Actor_18\03-01-04-02-02-02-18.wav,sad
../data\Actor_18\03-01-05-01-01-01-18.wav,angry
../data\Actor_18\03-01-05-01-01-02-18.wav,angry
../data\Actor_18\03-01-05-01-02-01-18.wav,angry
../data\Actor_18\03-01-05-01-02-02-18.wav,angry
../data\Actor_18\03-01-05-02-01-01-18.wav,angry
../data\Actor_18\03-01-05-02-01-02-18.wav,angry
../data\Actor_18\03-01-05-02-02-01-18.wav,angry
../data\Actor_18\03-01-05-02-02-02-18.wav,angry
../data\Actor_18\03-01-06-01-01-01-18.wav,fearful
../data\Actor_18\03-01-06-01-01-02-18.wav,fearful
../data\Actor_18\03-01-06-01-02-01-18.wav,fearful
../data\Actor_18\03-01-06-01-02-02-18.wav,fearful
../data\Actor_18\03-01-06-02-01-01-18.wav,fearful
../data\Actor_18\03-01-06-02-01-02-18.wav,fearful
../data\Actor_18\03-01-06-02-02-01-18.wav,fearful
../data\Actor_18\03-01-06-02-02-02-18.wav,fearful
../data\Actor_18\03-01-07-01-01-01-18.wav,disgust
../data\Actor_18\03-01-07-01-01-02-18.wav,disgust
../data\Actor_18\03-01-07-01-02-01-18.wav,disgust
../data\Actor_18\03-01-07-01-02-02-18.wav,disgust
../data\Actor_18\03-01-07-02-01-01-18.wav,disgust
../data\Actor_18\03-01-07-02-01-02-18.wav,disgust
../data\Actor_18\03-01-07-02-02-01-18.wav,disgust
../data\Actor_18\03-01-07-02-02-02-18.wav,disgust
../data\Actor_18\03-01-08-01-01-01-18.wav,surprised
../data\Actor_18\03-01-08-01-01-02-18.wav,surprised
../data\Actor_18\03-01-08-01-02-01-18.wav,surprised
../data\Actor_18\03-01-08-01-02-02-18.wav,surprised
../data\Actor_18\03-01-08-02-01-01-18.wav,surprised
../data\Actor_18\03-01-08-02-01-02-18.wav,surprised
../data\Actor_18\03-01-08-02-02-01-18.wav,surprised
../data\Actor_18\03-01-08-02-02-02-18.wav,surprised
../data\Actor_19\03-01-01-01-01-01-19.wav,neutral
../data\Actor_19\03-01-01-01-01-02-19.wav,neutral
../data\Actor_19\03-01-01-01-02-01-19.wav,neutral
../data\Actor_19\03-01-01-01-02-02-19.wav,neutral
../data\Actor_19\03-01-02-01-01-01-19.wav,calm
../data\Actor_19\03-01-02-01-01-02-19.wav,calm
../data\Actor_19\03-01-02-01-02-01-19.wav,calm
../data\Actor_19\03-01-02-01-02-02-19.wav,calm
../data\Actor_19\03-01-02-02-01-01-19.wav,calm
../data\Actor_19\03-01-02-02-01-02-19.wav,calm
../data\Actor_19\03-01-02-02-02-01-19.wav,calm
../data\Actor_19\03-01-02-02-02-02-19.wav,calm
../data\Actor_19\03-01-03-01-01-01-19.wav,happy
../data\Actor_19\03-01-03-01-01-02-19.wav,happy
../data\Actor_19\03-01-03-01-02-01-19.wav,happy
../data\Actor_19\03-01-03-01-02-02-19.wav,happy
../data\Actor_19\03-01-03-02-01-01-19.wav,happy
../data\Actor_19\03-01-03-02-01-02-19.wav,happy
../data\Actor_19\03-01-03-02-02-01-19.wav,happy
../data\Actor_19\03-01-03-02-02-02-19.wav,happy
../data\Actor_19\03-01-04-01-01-01-19.wav,sad
../data\Actor_19\03-01-04-01-01-02-19.wav,sad
../data\Actor_19\03-01-04-01-02-01-19.wav,sad
../data\Actor_19\03-01-04-01-02-02-19.wav,sad
../data\Actor_19\03-01-04-02-01-01-19.wav,sad
../data\Actor_19\03-01-04-02-01-02-19.wav,sad
../data\Actor_19\03-01-04-02-02-01-19.wav,sad
../data\Actor_19\03-01-04-02-02-02-19.wav,sad
../data\Actor_19\03-01-05-01-01-01-19.wav,angry
../data\Actor_19\03-01-05-01-01-02-19.wav,angry
../data\Actor_19\03-01-05-01-02-01-19.wav,angry
../data\Actor_19\03-01-05-01-02-02-19.wav,angry
../data\Actor_19\03-01-05-02-01-01-19.wav,angry
../data\Actor_19\03-01-05-02-01-02-19.wav,angry
../data\Actor_19\03-01-05-02-02-01-19.wav,angry
../data\Actor_19\03-01-05-02-02-02-19.wav,angry
../data\Actor_19\03-01-06-01-01-01-19.wav,fearful
../data\Actor_19\03-01-06-01-01-02-19.wav,fearful
../data\Actor_19\03-01-06-01-02-01-19.wav,fearful
../data\Actor_19\03-01-06-01-02-02-19.wav,fearful
../data\Actor_19\03-01-06-02-01-01-19.wav,fearful
../data\Actor_19\03-01-06-02-01-02-19.wav,fearful
../data\Actor_19\03-01-06-02-02-01-19.wav,fearful
../data\Actor_19\03-01-06-02-02-02-19.wav,fearful
../data\Actor_19\03-01-07-01-01-01-19.wav,disgust
../data\Actor_19\03-01-07-01-01-02-19.wav,disgust
../data\Actor_19\03-01-07-01-02-01-19.wav,disgust
../data\Actor_19\03-01-07-01-02-02-19.wav,disgust
../data\Actor_19\03-01-07-02-01-01-19.wav,disgust
../data\Actor_19\03-01-07-02-01-02-19.wav,disgust
../data\Actor_19\03-01-07-02-02-01-19.wav,disgust
../data\Actor_19\03-01-07-02-02-02-19.wav,disgust
../data\Actor_19\03-01-08-01-01-01-19.wav,surprised
../data\Actor_19\03-01-08-01-01-02-19.wav,surprised
../data\Actor_19\03-01-08-01-02-01-19.wav,surprised
../data\Actor_19\03-01-08-01-02-02-19.wav,surprised
../data\Actor_19\03-01-08-02-01-01-19.wav,surprised
../data\Actor_19\03-01-08-02-01-02-19.wav,surprised
../data\Actor_19\03-01-08-02-02-01-19.wav,surprised
../data\Actor_19\03-01-08-02-02-02-19.wav,surprised
../data\Actor_20\03-01-01-01-01-01-20.wav,neutral
../data\Actor_20\03-01-01-01-01-02-20.wav,neutral
../data\Actor_20\03-01-01-01-02-01-20.wav,neutral
../data\Actor_20\03-01-01-01-02-02-20.wav,neutral
../data\Actor_20\03-01-02-01-01-01-20.wav,calm
../data\Actor_20\03-01-02-01-01-02-20.wav,calm
../data\Actor_20\03-01-02-01-02-01-20.wav,calm
../data\Actor_20\03-01-02-01-02-02-20.wav,calm
../data\Actor_20\03-01-02-02-01-01-20.wav,calm
../data\Actor_20\03-01-02-02-01-02-20.wav,calm
../data\Actor_20\03-01-02-02-02-01-20.wav,calm
../data\Actor_20\03-01-02-02-02-02-20.wav,calm
../data\Actor_20\03-01-03-01-01-01-20.wav,happy
../data\Actor_20\03-01-03-01-01-02-20.wav,happy
../data\Actor_20\03-01-03-01-02-01-20.wav,happy
../data\Actor_20\03-01-03-01-02-02-20.wav,happy
../data\Actor_20\03-01-03-02-01-01-20.wav,happy
../data\Actor_20\03-01-03-02-01-02-20.wav,happy
../data\Actor_20\03-01-03-02-02-01-20.wav,happy
../data\Actor_20\03-01-03-02-02-02-20.wav,happy
../data\Actor_20\03-01-04-01-01-01-20.wav,sad
../data\Actor_20\03-01-04-01-01-02-20.wav,sad
../data\Actor_20\03-01-04-01-02-01-20.wav,sad
../data\Actor_20\03-01-04-01-02-02-20.wav,sad
../data\Actor_20\03-01-04-02-01-01-20.wav,sad
../data\Actor_20\03-01-04-02-01-02-20.wav,sad
../data\Actor_20\03-01-04-02-02-01-20.wav,sad
../data\Actor_20\03-01-04-02-02-02-20.wav,sad
../data\Actor_20\03-01-05-01-01-01-20.wav,angry
../data\Actor_20\03-01-05-01-01-02-20.wav,angry
../data\Actor_20\03-01-05-01-02-01-20.wav,angry
../data\Actor_20\03-01-05-01-02-02-20.wav,angry
../data\Actor_20\03-01-05-02-01-01-20.wav,angry
../data\Actor_20\03-01-05-02-01-02-20.wav,angry
../data\Actor_20\03-01-05-02-02-01-20.wav,angry
../data\Actor_20\03-01-05-02-02-02-20.wav,angry
../data\Actor_20\03-01-06-01-01-01-20.wav,fearful
../data\Actor_20\03-01-06-01-01-02-20.wav,fearful
../data\Actor_20\03-01-06-01-02-01-20.wav,fearful
../data\Actor_20\03-01-06-01-02-02-20.wav,fearful
../data\Actor_20\03-01-06-02-01-01-20.wav,fearful
../data\Actor_20\03-01-06-02-01-02-20.wav,fearful
../data\Actor_20\03-01-06-02-02-01-20.wav,fearful
../data\Actor_20\03-01-06-02-02-02-20.wav,fearful
../data\Actor_20\03-01-07-01-01-01-20.wav,disgust
../data\Actor_20\03-01-07-01-01-02-20.wav,disgust
../data\Actor_20\03-01-07-01-02-01-20.wav,disgust
../data\Actor_20\03-01-07-01-02-02-20.wav,disgust
../data\Actor_20\03-01-07-02-01-01-20.wav,disgust
../data\Actor_20\03-01-07-02-01-02-20.wav,disgust
../data\Actor_20\03-01-07-02-02-01-20.wav,disgust
../data\Actor_20\03-01-07-02-02-02-20.wav,disgust
../data\Actor_20\03-01-08-01-01-01-20.wav,surprised
../data\Actor_20\03-01-08-01-01-02-20.wav,surprised
../data\Actor_20\03-01-08-01-02-01-20.wav,surprised
../data\Actor_20\03-01-08-01-02-02-20.wav,surprised
../data\Actor_20\03-01-08-02-01-01-20.wav,surprised
../data\Actor_20\03-01-08-02-01-02-20.wav,surprised
../data\Actor_20\03-01-08-02-02-01-20.wav,surprised
../data\Actor_20\03-01-08-02-02-02-20.wav,surprised
../data\Actor_21\03-01-01-01-01-01-21.wav,neutral
../data\Actor_21\03-01-01-01-01-02-21.wav,neutral
../data\Actor_21\03-01-01-01-02-01-21.wav,neutral
../data\Actor_21\03-01-01-01-02-02-21.wav,neutral
../data\Actor_21\03-01-02-01-01-01-21.wav,calm
../data\Actor_21\03-01-02-01-01-02-21.wav,calm
../data\Actor_21\03-01-02-01-02-01-21.wav,calm
../data\Actor_21\03-01-02-01-02-02-21.wav,calm
../data\Actor_21\03-01-02-02-01-01-21.wav,calm
../data\Actor_21\03-01-02-02-01-02-21.wav,calm
../data\Actor_21\03-01-02-02-02-01-21.wav,calm
../data\Actor_21\03-01-02-02-02-02-21.wav,calm
../data\Actor_21\03-01-03-01-01-01-21.wav,happy
../data\Actor_21\03-01-03-01-01-02-21.wav,happy
../data\Actor_21\03-01-03-01-02-01-21.wav,happy
../data\Actor_21\03-01-03-01-02-02-21.wav,happy
../data\Actor_21\03-01-03-02-01-01-21.wav,happy
../data\Actor_21\03-01-03-02-01-02-21.wav,happy
../data\Actor_21\03-01-03-02-02-01-21.wav,happy
../data\Actor_21\03-01-03-02-02-02-21.wav,happy
../data\Actor_21\03-01-04-01-01-01-21.wav,sad
../data\Actor_21\03-01-04-01-01-02-21.wav,sad
../data\Actor_21\03-01-04-01-02-01-21.wav,sad
../data\Actor_21\03-01-04-01-02-02-21.wav,sad
../data\Actor_21\03-01-04-02-01-01-21.wav,sad
../data\Actor_21\03-01-04-02-01-02-21.wav,sad
../data\Actor_21\03-01-04-02-02-01-21.wav,sad
../data\Actor_21\03-01-04-02-02-02-21.wav,sad
../data\Actor_21\03-01-05-01-01-01-21.wav,angry
../data\Actor_21\03-01-05-01-01-02-21.wav,angry
../data\Actor_21\03-01-05-01-02-01-21.wav,angry
../data\Actor_21\03-01-05-01-02-02-21.wav,angry
../data\Actor_21\03-01-05-02-01-01-21.wav,angry
../data\Actor_21\03-01-05-02-01-02-21.wav,angry
../data\Actor_21\03-01-05-02-02-01-21.wav,angry
../data\Actor_21\03-01-05-02-02-02-21.wav,angry
../data\Actor_21\03-01-06-01-01-01-21.wav,fearful
../data\Actor_21\03-01-06-01-01-02-21.wav,fearful
../data\Actor_21\03-01-06-01-02-01-21.wav,fearful
../data\Actor_21\03-01-06-01-02-02-21.wav,fearful
../data\Actor_21\03-01-06-02-01-01-21.wav,fearful
../data\Actor_21\03-01-06-02-01-02-21.wav,fearful
../data\Actor_21\03-01-06-02-02-01-21.wav,fearful
../data\Actor_21\03-01-06-02-02-02-21.wav,fearful
../data\Actor_21\03-01-07-01-01-01-21.wav,disgust
../data\Actor_21\03-01-07-01-01-02-21.wav,disgust
../data\Actor_21\03-01-07-01-02-01-21.wav,disgust
../data\Actor_21\03-01-07-01-02-02-21.wav,disgust
../data\Actor_21\03-01-07-02-01-01-21.wav,disgust
../data\Actor_21\03-01-07-02-01-02-21.wav,disgust
../data\Actor_21\03-01-07-02-02-01-21.wav,disgust
../data\Actor_21\03-01-07-02-02-02-21.wav,disgust
../data\Actor_21\03-01-08-01-01-01-21.wav,surprised
../data\Actor_21\03-01-08-01-01-02-21.wav,surprised
../data\Actor_21\03-01-08-01-02-01-21.wav,surprised
../data\Actor_21\03-01-08-01-02-02-21.wav,surprised
../data\Actor_21\03-01-08-02-01-01-21.wav,surprised
../data\Actor_21\03-01-08-02-01-02-21.wav,surprised
../data\Actor_21\03-01-08-02-02-01-21.wav,surprised
../data\Actor_21\03-01-08-02-02-02-21.wav,surprised
../data\Actor_22\03-01-01-01-01-01-22.wav,neutral
../data\Actor_22\03-01-01-01-01-02-22.wav,neutral
../data\Actor_22\03-01-01-01-02-01-22.wav,neutral
../data\Actor_22\03-01-01-01-02-02-22.wav,neutral
../data\Actor_22\03-01-02-01-01-01-22.wav,calm
../data\Actor_22\03-01-02-01-01-02-22.wav,calm
../data\Actor_22\03-01-02-01-02-01-22.wav,calm
../data\Actor_22\03-01-02-01-02-02-22.wav,calm
../data\Actor_22\03-01-02-02-01-01-22.wav,calm
../data\Actor_22\03-01-02-02-01-02-22.wav,calm
../data\Actor_22\03-01-02-02-02-01-22.wav,calm
../data\Actor_22\03-01-02-02-02-02-22.wav,calm
../data\Actor_22\03-01-03-01-01-01-22.wav,happy
../data\Actor_22\03-01-03-01-01-02-22.wav,happy
../data\Actor_22\03-01-03-01-02-01-22.wav,happy
../data\Actor_22\03-01-03-01-02-02-22.wav,happy
../data\Actor_22\03-01-03-02-01-01-22.wav,happy
../data\Actor_22\03-01-03-02-01-02-22.wav,happy
../data\Actor_22\03-01-03-02-02-01-22.wav,happy
../data\Actor_22\03-01-03-02-02-02-22.wav,happy
../data\Actor_22\03-01-04-01-01-01-22.wav,sad
../data\Actor_22\03-01-04-01-01-02-22.wav,sad
../data\Actor_22\03-01-04-01-02-01-22.wav,sad
../data\Actor_22\03-01-04-01-02-02-22.wav,sad
../data\Actor_22\03-01-04-02-01-01-22.wav,sad
../data\Actor_22\03-01-04-02-01-02-22.wav,sad
../data\Actor_22\03-01-04-02-02-01-22.wav,sad
../data\Actor_22\03-01-04-02-02-02-22.wav,sad
../data\Actor_22\03-01-05-01-01-01-22.wav,angry
../data\Actor_22\03-01-05-01-01-02-22.wav,angry
../data\Actor_22\03-01-05-01-02-01-22.wav,angry
../data\Actor_22\03-01-05-01-02-02-22.wav,angry
../data\Actor_22\03-01-05-02-01-01-22.wav,angry
../data\Actor_22\03-01-05-02-01-02-22.wav,angry
../data\Actor_22\03-01-05-02-02-01-22.wav,angry
../data\Actor_22\03-01-05-02-02-02-22.wav,angry
../data\Actor_22\03-01-06-01-01-01-22.wav,fearful
../data\Actor_22\03-01-06-01-01-02-22.wav,fearful
../data\Actor_22\03-01-06-01-02-01-22.wav,fearful
../data\Actor_22\03-01-06-01-02-02-22.wav,fearful
../data\Actor_22\03-01-06-02-01-01-22.wav,fearful
../data\Actor_22\03-01-06-02-01-02-22.wav,fearful
../data\Actor_22\03-01-06-02-02-01-22.wav,fearful
../data\Actor_22\03-01-06-02-02-02-22.wav,fearful
../data\Actor_22\03-01-07-01-01-01-22.wav,disgust
../data\Actor_22\03-01-07-01-01-02-22.wav,disgust
../data\Actor_22\03-01-07-01-02-01-22.wav,disgust
../data\Actor_22\03-01-07-01-02-02-22.wav,disgust
../data\Actor_22\03-01-07-02-01-01-22.wav,disgust
../data\Actor_22\03-01-07-02-01-02-22.wav,disgust
../data\Actor_22\03-01-07-02-02-01-22.wav,disgust
../data\Actor_22\03-01-07-02-02-02-22.wav,disgust
../data\Actor_22\03-01-08-01-01-01-22.wav,surprised
../data\Actor_22\03-01-08-01-01-02-22.wav,surprised
../data\Actor_22\03-01-08-01-02-01-22.wav,surprised
../data\Actor_22\03-01-08-01-02-02-22.wav,surprised
../data\Actor_22\03-01-08-02-01-01-22.wav,surprised
../data\Actor_22\03-01-08-02-01-02-22.wav,surprised
../data\Actor_22\03-01-08-02-02-01-22.wav,surprised
../data\Actor_22\03-01-08-02-02-02-22.wav,surprised
../data\Actor_23\03-01-01-01-01-01-23.wav,neutral
../data\Actor_23\03-01-01-01-01-02-23.wav,neutral
../data\Actor_23\03-01-01-01-02-01-23.wav,neutral
../data\Actor_23\03-01-01-01-02-02-23.wav,neutral
../data\Actor_23\03-01-02-01-01-01-23.wav,calm
../data\Actor_23\03-01-02-01-01-02-23.wav,calm
../data\Actor_23\03-01-02-01-02-01-23.wav,calm
../data\Actor_23\03-01-02-01-02-02-23.wav,calm
../data\Actor_23\03-01-02-02-01-01-23.wav,calm
../data\Actor_23\03-01-02-02-01-02-23.wav,calm
../data\Actor_23\03-01-02-02-02-01-23.wav,calm
../data\Actor_23\03-01-02-02-02-02-23.wav,calm
../data\Actor_23\03-01-03-01-01-01-23.wav,happy
../data\Actor_23\03-01-03-01-01-02-23.wav,happy
../data\Actor_23\03-01-03-01-02-01-23.wav,happy
../data\Actor_23\03-01-03-01-02-02-23.wav,happy
../data\Actor_23\03-01-03-02-01-01-23.wav,happy
../data\Actor_23\03-01-03-02-01-02-23.wav,happy
../data\Actor_23\03-01-03-02-02-01-23.wav,happy
../data\Actor_23\03-01-03-02-02-02-23.wav,happy
../data\Actor_23\03-01-04-01-01-01-23.wav,sad
../data\Actor_23\03-01-04-01-01-02-23.wav,sad
../data\Actor_23\03-01-04-01-02-01-23.wav,sad
../data\Actor_23\03-01-04-01-02-02-23.wav,sad
../data\Actor_23\03-01-04-02-01-01-23.wav,sad
../data\Actor_23\03-01-04-02-01-02-23.wav,sad
../data\Actor_23\03-01-04-02-02-01-23.wav,sad
../data\Actor_23\03-01-04-02-02-02-23.wav,sad
../data\Actor_23\03-01-05-01-01-01-23.wav,angry
../data\Actor_23\03-01-05-01-01-02-23.wav,angry
../data\Actor_23\03-01-05-01-02-01-23.wav,angry
../data\Actor_23\03-01-05-01-02-02-23.wav,angry
../data\Actor_23\03-01-05-02-01-01-23.wav,angry
../data\Actor_23\03-01-05-02-01-02-23.wav,angry
../data\Actor_23\03-01-05-02-02-01-23.wav,angry
../data\Actor_23\03-01-05-02-02-02-23.wav,angry
../data\Actor_23\03-01-06-01-01-01-23.wav,fearful
../data\Actor_23\03-01-06-01-01-02-23.wav,fearful
../data\Actor_23\03-01-06-01-02-01-23.wav,fearful
../data\Actor_23\03-01-06-01-02-02-23.wav,fearful
../data\Actor_23\03-01-06-02-01-01-23.wav,fearful
../data\Actor_23\03-01-06-02-01-02-23.wav,fearful
../data\Actor_23\03-01-06-02-02-01-23.wav,fearful
../data\Actor_23\03-01-06-02-02-02-23.wav,fearful
../data\Actor_23\03-01-07-01-01-01-23.wav,disgust
../data\Actor_23\03-01-07-01-01-02-23.wav,disgust
../data\Actor_23\03-01-07-01-02-01-23.wav,disgust
../data\Actor_23\03-01-07-01-02-02-23.wav,disgust
../data\Actor_23\03-01-07-02-01-01-23.wav,disgust
../data\Actor_23\03-01-07-02-01-02-23.wav,disgust
../data\Actor_23\03-01-07-02-02-01-23.wav,disgust
../data\Actor_23\03-01-07-02-02-02-23.wav,disgust
../data\Actor_23\03-01-08-01-01-01-23.wav,surprised
../data\Actor_23\03-01-08-01-01-02-23.wav,surprised
../data\Actor_23\03-01-08-01-02-01-23.wav,surprised
../data\Actor_23\03-01-08-01-02-02-23.wav,surprised
../data\Actor_23\03-01-08-02-01-01-23.wav,surprised
../data\Actor_23\03-01-08-02-01-02-23.wav,surprised
../data\Actor_23\03-01-08-02-02-01-23.wav,surprised
../data\Actor_23\03-01-08-02-02-02-23.wav,surprised
../data\Actor_24\03-01-01-01-01-01-24.wav,neutral
../data\Actor_24\03-01-01-01-01-02-24.wav,neutral
../data\Actor_24\03-01-01-01-02-01-24.wav,neutral
../data\Actor_24\03-01-01-01-02-02-24.wav,neutral
../data\Actor_24\03-01-02-01-01-01-24.wav,calm
../data\Actor_24\03-01-02-01-01-02-24.wav,calm
../data\Actor_24\03-01-02-01-02-01-24.wav,calm
../data\Actor_24\03-01-02-01-02-02-24.wav,calm
../data\Actor_24\03-01-02-02-01-01-24.wav,calm
../data\Actor_24\03-01-02-02-01-02-24.wav,calm
../data\Actor_24\03-01-02-02-02-01-24.wav,calm
../data\Actor_24\03-01-02-02-02-02-24.wav,calm
../data\Actor_24\03-01-03-01-01-01-24.wav,happy
../data\Actor_24\03-01-03-01-01-02-24.wav,happy
../data\Actor_24\03-01-03-01-02-01-24.wav,happy
../data\Actor_24\03-01-03-01-02-02-24.wav,happy
../data\Actor_24\03-01-03-02-01-01-24.wav,happy
../data\Actor_24\03-01-03-02-01-02-24.wav,happy
../data\Actor_24\03-01-03-02-02-01-24.wav,happy
../data\Actor_24\03-01-03-02-02-02-24.wav,happy
../data\Actor_24\03-01-04-01-01-01-24.wav,sad
../data\Actor_24\03-01-04-01-01-02-24.wav,sad
../data\Actor_24\03-01-04-01-02-01-24.wav,sad
../data\Actor_24\03-01-04-01-02-02-24.wav,sad
../data\Actor_24\03-01-04-02-01-01-24.wav,sad
../data\Actor_24\03-01-04-02-01-02-24.wav,sad
../data\Actor_24\03-01-04-02-02-01-24.wav,sad
../data\Actor_24\03-01-04-02-02-02-24.wav,sad
../data\Actor_24\03-01-05-01-01-01-24.wav,angry
../data\Actor_24\03-01-05-01-01-02-24.wav,angry
../data\Actor_24\03-01-05-01-02-01-24.wav,angry
../data\Actor_24\03-01-05-01-02-02-24.wav,angry
../data\Actor_24\03-01-05-02-01-01-24.wav,angry
../data\Actor_24\03-01-05-02-01-02-24.wav,angry
../data\Actor_24\03-01-05-02-02-01-24.wav,angry
../data\Actor_24\03-01-05-02-02-02-24.wav,angry
../data\Actor_24\03-01-06-01-01-01-24.wav,fearful
../data\Actor_24\03-01-06-01-01-02-24.wav,fearful
../data\Actor_24\03-01-06-01-02-01-24.wav,fearful
../data\Actor_24\03-01-06-01-02-02-24.wav,fearful
../data\Actor_24\03-01-06-02-01-01-24.wav,fearful
../data\Actor_24\03-01-06-02-01-02-24.wav,fearful
../data\Actor_24\03-01-06-02-02-01-24.wav,fearful
../data\Actor_24\03-01-06-02-02-02-24.wav,fearful
../data\Actor_24\03-01-07-01-01-01-24.wav,disgust
../data\Actor_24\03-01-07-01-01-02-24.wav,disgust
../data\Actor_24\03-01-07-01-02-01-24.wav,disgust
../data\Actor_24\03-01-07-01-02-02-24.wav,disgust
../data\Actor_24\03-01-07-02-01-01-24.wav,disgust
../data\Actor_24\03-01-07-02-01-02-24.wav,disgust
../data\Actor_24\03-01-07-02-02-01-24.wav,disgust
../data\Actor_24\03-01-07-02-02-02-24.wav,disgust
../data\Actor_24\03-01-08-01-01-01-24.wav,surprised
../data\Actor_24\03-01-08-01-01-02-24.wav,surprised
../data\Actor_24\03-01-08-01-02-01-24.wav,surprised
../data\Actor_24\03-01-08-01-02-02-24.wav,surprised
../data\Actor_24\03-01-08-02-01-01-24.wav,surprised
../data\Actor_24\03-01-08-02-01-02-24.wav,surprised
../data\Actor_24\03-01-08-02-02-01-24.wav,surprised
../data\Actor_24\03-01-08-02-02-02-24.wav,surprised
